N,nfog,run,seed,algorithm,makespan_ms,energy_J,cost,fitness,runtime_s,evaluations,min_M_s,min_E_J,min_C,deadline_rate
100,3,0,100000,ELO,76041.34302179905,28214.24679757429,110.21996663508604,0.8461698553382114,0.06625102599991806,1010,75.73579065841305,23181.117260545514,79.5415263688618,0.03
100,3,0,100000,LO,76952.64344775745,28417.136592721396,110.36604608487733,0.8399679137449765,0.06500446900008683,1010,75.73579065841305,23181.117260545514,79.5415263688618,0.03
100,3,0,100000,GA,123929.76939203353,41532.109900536845,106.82011845800277,0.6371679928590146,0.04097667399992133,1010,75.73579065841305,23181.117260545514,79.5415263688618,0.04
100,3,0,100000,P2C,82984.27672955974,30073.55466904575,110.20777923745423,0.80142671127743,0.00039338000010502583,0,75.73579065841305,23181.117260545514,79.5415263688618,0.02
100,3,0,100000,SA,76180.29350104822,28260.675333176645,110.17117636595634,0.8452168994622253,0.033154854000031264,1010,75.73579065841305,23181.117260545514,79.5415263688618,0.03
100,3,0,100000,Random,132607.35171261488,43903.57704047935,106.39172595357141,0.6147100375633184,0.00019241200016040239,0,75.73579065841305,23181.117260545514,79.5415263688618,0.01
100,3,1,100001,ELO,81328.66795366799,36433.476725723565,118.55267429177295,0.8081789399545236,0.06496333499990214,1010,80.69759017168057,23597.958705385146,93.59253901518379,0.06
100,3,1,100001,LO,107390.10067114091,46580.428721968055,123.26294539304499,0.6707889158771497,0.06879309900000408,1010,80.69759017168057,23597.958705385146,93.59253901518379,0.03
100,3,1,100001,GA,190718.25396825396,79672.53313284047,152.376226445442,0.4430272935846703,0.04012846799992076,1010,80.69759017168057,23597.958705385146,93.59253901518379,0.04
100,3,1,100001,P2C,142265.87301587302,60633.20671743283,137.84733755591452,0.5435675619410083,0.0005673040000147012,0,80.69759017168057,23597.958705385146,93.59253901518379,0.05
100,3,1,100001,SA,81645.2702702703,36516.78636395045,117.94533642886398,0.8077483042663465,0.0392110049999701,1010,80.69759017168057,23597.958705385146,93.59253901518379,0.05
100,3,1,100001,Random,346303.5714285714,139356.7394335607,183.9090517837298,0.3024114986992931,0.00032183600001189916,0,80.69759017168057,23597.958705385146,93.59253901518379,0.03
100,3,2,100002,ELO,72079.91120976693,26577.84063966928,115.06289359912842,0.784369633110533,0.0722982290001255,1010,71.52088684601866,16779.901782675377,84.47367319456255,0.03
100,3,2,100002,LO,72348.81398252187,26606.621968138694,115.13691035590838,0.7827646671293309,0.06278552399999171,1010,71.52088684601866,16779.901782675377,84.47367319456255,0.06
100,3,2,100002,GA,107540.64417177912,39524.841687597334,111.42932162451297,0.6139836788191908,0.039638016000026255,1010,71.52088684601866,16779.901782675377,84.47367319456255,0.04
100,3,2,100002,P2C,78960.04439511654,29092.625967317155,114.62943117175831,0.7381991848481784,0.0003360289999818633,0,71.52088684601866,16779.901782675377,84.47367319456255,0.04
100,3,2,100002,SA,71744.63190184048,26474.155633533213,115.05050594015115,0.7867666275703519,0.050152548999903956,1010,71.52088684601866,16779.901782675377,84.47367319456255,0.06
100,3,2,100002,Random,197381.79800221976,69960.68962134581,114.5976042469857,0.4443768765568986,0.00044825500003753405,0,71.52088684601866,16779.901782675377,84.47367319456255,0.06
100,3,3,100003,ELO,67187.81124021817,25191.53540525036,87.46491313739422,0.8176625257386378,0.09855087799996909,1010,66.4347355606655,22941.2310305822,48.16740137875371,0.04
100,3,3,100003,LO,70824.46808510637,26490.15027403502,88.10361111683648,0.7844115512941081,0.06249776100003146,1010,66.4347355606655,22941.2310305822,48.16740137875371,0.02
100,3,3,100003,GA,106449.1935483871,39031.40911442632,85.16969274997916,0.59242215996972,0.04037349700001869,1010,66.4347355606655,22941.2310305822,48.16740137875371,0.03
100,3,3,100003,P2C,83534.67741935483,30910.07431039348,86.21213555056899,0.6991665663110205,0.00033573999985492264,0,66.4347355606655,22941.2310305822,48.16740137875371,0.02
100,3,3,100003,SA,66587.2340425532,25014.197822028,87.96395437980719,0.8217696576721671,0.03612177700006214,1010,66.4347355606655,22941.2310305822,48.16740137875371,0.02
100,3,3,100003,Random,125689.36170212764,45706.859639533446,86.82538634034148,0.52815026026932,0.00017850799986263155,0,66.4347355606655,22941.2310305822,48.16740137875371,0.03
100,3,4,100004,ELO,70364.43575964827,26008.30471704258,114.46424923372393,0.7294435552264271,0.06185312000002341,1010,69.1894473148583,12136.989035018561,85.42859029635893,0.06
100,3,4,100004,LO,72165.3639472399,26386.161750153457,112.31035197148782,0.7237970012004499,0.06257001499989201,1010,69.1894473148583,12136.989035018561,85.42859029635893,0.05
100,3,4,100004,GA,122094.78672985783,44185.92237477633,138.25828914705264,0.4843018099953438,0.03986678299997948,1010,69.1894473148583,12136.989035018561,85.42859029635893,0.06
100,3,4,100004,P2C,111657.18799368088,40260.15260798443,129.6897143823087,0.5243614713816969,0.00033477400006631797,0,69.1894473148583,12136.989035018561,85.42859029635893,0.06
100,3,4,100004,SA,69332.43771372738,25806.801883319502,115.61677599255569,0.7330572297083005,0.03295519099992816,1010,69.1894473148583,12136.989035018561,85.42859029635893,0.06
100,3,4,100004,Random,195292.25908372825,69298.44288260215,152.95091868721883,0.3607793709163225,0.00017312500017396815,0,69.1894473148583,12136.989035018561,85.42859029635893,0.04
100,3,5,100005,ELO,66812.08053691276,20308.14959803642,112.25392406240175,0.8698340098293165,0.07714522800006307,1010,66.10395480225989,16003.142585963624,93.68312266562582,0.06
100,3,5,100005,LO,67352.76566444803,20410.5656967327,111.85218250448222,0.8668577456568737,0.061668379999900935,1010,66.10395480225989,16003.142585963624,93.68312266562582,0.07
100,3,5,100005,GA,104880.27366020526,28597.086456324338,122.76326893536228,0.650088627939295,0.038761522999948284,1010,66.10395480225989,16003.142585963624,93.68312266562582,0.08
100,3,5,100005,P2C,105604.80000000002,28619.38271227466,122.3107403181468,0.6494451441570703,0.000405670000191094,0,66.10395480225989,16003.142585963624,93.68312266562582,0.12
100,3,5,100005,SA,66242.36860224926,20224.50422542134,112.3250737724405,0.8735757139465672,0.03547800199999074,1010,66.10395480225989,16003.142585963624,93.68312266562582,0.09
100,3,5,100005,Random,228901.0067114094,55168.068929460314,131.44609622972695,0.42912204455300795,0.0002182420000735874,0,66.10395480225989,16003.142585963624,93.68312266562582,0.08
100,3,6,100006,ELO,70354.86459378134,22599.857559863518,103.49085743925986,0.762749260658497,0.06380246300000181,1010,68.96111111111111,12172.709979194458,80.33281867364802,0.03
100,3,6,100006,LO,70737.61283851558,22640.806761959433,103.57123498539457,0.7604690531006623,0.06355735800002549,1010,68.96111111111111,12172.709979194458,80.33281867364802,0.03
100,3,6,100006,GA,106759.72762645915,33637.82193797214,115.19348400912571,0.5663332691781026,0.039906977000100596,1010,68.96111111111111,12172.709979194458,80.33281867364802,0.04
100,3,6,100006,P2C,105612.03319502075,32752.52358347836,115.14699017564791,0.5720683465614552,0.00033948400005101576,0,68.96111111111111,12172.709979194458,80.33281867364802,0.04
100,3,6,100006,SA,69208.17120622567,22458.234347656842,104.0149573799047,0.7679727731827,0.03205492899996898,1010,68.96111111111111,12172.709979194458,80.33281867364802,0.03
100,3,6,100006,Random,160142.02334630353,48667.040106228436,119.0898128005147,0.44975139605836134,0.00017313500006821414,0,68.96111111111111,12172.709979194458,80.33281867364802,0.03
100,3,7,100007,ELO,68649.14075286416,27895.385088658164,112.32559077950333,0.7108168916387925,0.10998711699994601,1010,68.1134973494631,15442.943322437535,66.43107290534232,0.04
100,3,7,100007,LO,89420.0,36200.66503229218,118.56883299678539,0.581301508408916,0.08967558500012274,1010,68.1134973494631,15442.943322437535,66.43107290534232,0.05
100,3,7,100007,GA,136679.802955665,55188.352689815416,132.9562633303435,0.42447622174845956,0.04187481200006005,1010,68.1134973494631,15442.943322437535,66.43107290534232,0.08
100,3,7,100007,P2C,124330.7692307692,50296.83145344355,131.1984900603304,0.4522720921276638,0.00038651900013064733,0,68.1134973494631,15442.943322437535,66.43107290534232,0.06
100,3,7,100007,SA,68234.24713584286,27735.638671785822,113.0315892175631,0.7126728593196134,0.03249641699994754,1010,68.1134973494631,15442.943322437535,66.43107290534232,0.06
100,3,7,100007,Random,217653.84615384619,87388.28746180184,158.624690404593,0.30155717273438515,0.0001895929999591317,0,68.1134973494631,15442.943322437535,66.43107290534232,0.05
100,3,8,100008,ELO,60167.20779220778,24337.880408270696,85.09274347142679,0.8279183666525449,0.06310974300004091,1010,59.40068376068376,18901.386051371774,61.38804961941649,0.08
100,3,8,100008,LO,60452.24252491695,24465.286300382453,85.11820950788211,0.8249359160348623,0.06492601900004047,1010,59.40068376068376,18901.386051371774,61.38804961941649,0.06
100,3,8,100008,GA,91926.13636363637,33637.10923762995,87.02500791031258,0.6370762002738011,0.03931188599995039,1010,59.40068376068376,18901.386051371774,61.38804961941649,0.07
100,3,8,100008,P2C,77992.83439490446,29557.02225215608,86.57918300572584,0.7027428750236562,0.0003463709999778075,0,59.40068376068376,18901.386051371774,61.38804961941649,0.07
100,3,8,100008,SA,59737.12624584719,24195.770229319118,85.01499972085128,0.8320325351077952,0.0334727090000797,1010,59.40068376068376,18901.386051371774,61.38804961941649,0.07
100,3,8,100008,Random,121703.82165605099,43040.65685084856,82.60201499054322,0.5556255783728927,0.00017164199994113005,0,59.40068376068376,18901.386051371774,61.38804961941649,0.04
100,3,9,100009,ELO,70682.79198341398,28625.214400094206,112.45541151785424,0.7058671197560888,0.06269986899997093,1010,68.58814461883408,18163.57212319228,57.89958378581183,0.05
100,3,9,100009,LO,69817.1821305842,28370.545877502962,112.98420849837986,0.7109786792131613,0.06118625799990696,1010,68.58814461883408,18163.57212319228,57.89958378581183,0.03
100,3,9,100009,GA,75390.46302695232,30217.0941789246,110.06599173708102,0.6781942857125904,0.040536341999995784,1010,68.58814461883408,18163.57212319228,57.89958378581183,0.03
100,3,9,100009,P2C,79155.3264604811,31444.43636707931,108.76383154011201,0.6580158570417048,0.00033737800004018936,0,68.58814461883408,18163.57212319228,57.89958378581183,0.03
100,3,9,100009,SA,68872.1649484536,28070.82972410018,113.40495047798373,0.7171237571164243,0.032348657000056846,1010,68.58814461883408,18163.57212319228,57.89958378581183,0.05
100,3,9,100009,Random,119806.22489959841,44408.192063204835,99.64322544593603,0.5197399786917929,0.00017283300007875368,0,68.58814461883408,18163.57212319228,57.89958378581183,0.05
100,3,10,100010,ELO,66862.5,24847.976558655922,107.74054838654608,0.7226248155525843,0.06256189300006554,1010,66.02758829771108,20142.09744156605,39.54960967824884,0.04
100,3,10,100010,LO,76332.63888888889,27852.529386961083,104.1865342965297,0.656596248748072,0.06150450100017224,1010,66.02758829771108,20142.09744156605,39.54960967824884,0.04
100,3,10,100010,GA,102578.47222222225,36228.10605925035,102.91456980263794,0.5282646852652556,0.04046614399999271,1010,66.02758829771108,20142.09744156605,39.54960967824884,0.06
100,3,10,100010,P2C,98847.45762711862,34674.13614531792,111.91552531806894,0.5345546054153975,0.0004501789999267203,0,66.02758829771108,20142.09744156605,39.54960967824884,0.03
100,3,10,100010,SA,66078.08292945611,24619.68295916786,107.88815442660942,0.7288832813365254,0.033548460000019986,1010,66.02758829771108,20142.09744156605,39.54960967824884,0.03
100,3,10,100010,Random,189515.11335012596,62255.170509764335,127.6075287414667,0.3272542743805247,0.000208689999908529,0,66.02758829771108,20142.09744156605,39.54960967824884,0.03
100,3,11,100011,ELO,86694.45896497645,31441.081647198367,140.2933134396468,0.6592421328324046,0.07192754799984868,1010,84.55548579500864,16153.31697704527,69.17059163700326,0.05
100,3,11,100011,LO,112307.96777081469,39100.55245257974,143.50398264856886,0.5479790097081341,0.06224806999989596,1010,84.55548579500864,16153.31697704527,69.17059163700326,0.06
100,3,11,100011,GA,141759.6899224806,47723.634427188794,160.11311368460528,0.4544807790683736,0.041209166000044206,1010,84.55548579500864,16153.31697704527,69.17059163700326,0.05
100,3,11,100011,P2C,136878.09523809527,46350.12123663905,159.6068007279632,0.46536319604252663,0.0003420610000830493,0,84.55548579500864,16153.31697704527,69.17059163700326,0.04
100,3,11,100011,SA,84744.38055410353,30978.574748278006,145.66677807893603,0.6632545099021835,0.03289349700003186,1010,84.55548579500864,16153.31697704527,69.17059163700326,0.06
100,3,11,100011,Random,178340.95238095237,58132.78428076846,172.8364678076766,0.38300478745775945,0.0001883759998690948,0,84.55548579500864,16153.31697704527,69.17059163700326,0.06
100,3,12,100012,ELO,64812.64108352145,21221.099967581,117.59513275159478,0.7574005714558536,0.06281945099999575,1010,64.26939843068875,12382.020800891723,82.5961174711271,0.09
100,3,12,100012,LO,72161.48148148149,23329.761186140386,116.85120681150664,0.7076203086939306,0.06173537699987719,1010,64.26939843068875,12382.020800891723,82.5961174711271,0.05
100,3,12,100012,GA,99040.63205417605,31587.730685965023,120.47465467700938,0.5736638830368976,0.039638383000010435,1010,64.26939843068875,12382.020800891723,82.5961174711271,0.07
100,3,12,100012,P2C,87301.73062452971,28185.858049994727,120.67251639225097,0.6181730655558928,0.00036720800017064903,0,64.26939843068875,12382.020800891723,82.5961174711271,0.08
100,3,12,100012,SA,65215.55555555555,21195.519566214538,116.14867141065989,0.7585048134410616,0.032873063999886654,1010,64.26939843068875,12382.020800891723,82.5961174711271,0.09
100,3,12,100012,Random,263607.476635514,80006.3802172882,165.6100494618175,0.2976594894892986,0.00017893700010063185,0,64.26939843068875,12382.020800891723,82.5961174711271,0.09
100,3,13,100013,ELO,88407.71812080537,30583.595381974857,126.88057643895652,0.7883202820297306,0.06517217600003278,1010,87.22108443847574,20420.122667959557,90.63797940797818,0.05
100,3,13,100013,LO,93930.04926108374,32249.046738824974,126.76579962945878,0.7576691145035002,0.066627778000111,1010,87.22108443847574,20420.122667959557,90.63797940797818,0.04
100,3,13,100013,GA,152827.18120805366,49420.147840728,118.27869876778547,0.5817045223877132,0.04289441900004931,1010,87.22108443847574,20420.122667959557,90.63797940797818,0.04
100,3,13,100013,P2C,137547.8187919463,45204.38611276102,120.08214511760818,0.6119295520184538,0.00034309099987694935,0,87.22108443847574,20420.122667959557,90.63797940797818,0.05
100,3,13,100013,SA,87441.25809435708,30358.717358965296,126.98880914099041,0.7933993497072174,0.03321925399995962,1010,87.22108443847574,20420.122667959557,90.63797940797818,0.04
100,3,13,100013,Random,287964.49704142014,89364.09323147257,123.80090125202591,0.4192466754785635,0.00017748900017977576,0,87.22108443847574,20420.122667959557,90.63797940797818,0.05
100,3,14,100014,ELO,73538.52327447833,25381.286738732888,118.37156006513985,0.8227016902084424,0.06240440299984584,1010,72.74402640264026,18744.06220043094,87.9454749663463,0.09
100,3,14,100014,LO,74005.96691076759,25495.43072717516,118.85440950231788,0.8185196540661713,0.06482291700012865,1010,72.74402640264026,18744.06220043094,87.9454749663463,0.11
100,3,14,100014,GA,92804.29594272077,31182.359724942457,115.62937669737167,0.7140377007375835,0.039340981999885116,1010,72.74402640264026,18744.06220043094,87.9454749663463,0.13
100,3,14,100014,P2C,87644.7653429603,29657.236128821653,117.57283541869378,0.7356264383953994,0.0004192999999759195,0,72.74402640264026,18744.06220043094,87.9454749663463,0.11
100,3,14,100014,SA,72845.66428003182,25186.458822469147,118.44540673465374,0.8275959439467906,0.03272156100001666,1010,72.74402640264026,18744.06220043094,87.9454749663463,0.12
100,3,14,100014,Random,112919.13357400722,37379.28968305532,116.12468596949091,0.6330064994298773,0.00017870600004243897,0,72.74402640264026,18744.06220043094,87.9454749663463,0.11
100,3,15,100015,ELO,65358.92388451444,17929.81714255744,107.88092201616439,0.840873736778807,0.06317381999997451,1010,64.65190026627936,13131.557897415913,86.77290279256592,0.02
100,3,15,100015,LO,65453.382084095065,17922.65435229583,108.2558947962664,0.8395827768295574,0.06474081999999726,1010,64.65190026627936,13131.557897415913,86.77290279256592,0.02
100,3,15,100015,GA,95598.00000000001,24492.294911917168,114.23027325778787,0.6561450115973705,0.044345203999910154,1010,64.65190026627936,13131.557897415913,86.77290279256592,0.03
100,3,15,100015,P2C,85944.24131627056,22233.253193786833,113.85341519823126,0.7005650928164441,0.00035138700013703783,0,64.65190026627936,13131.557897415913,86.77290279256592,0.03
100,3,15,100015,SA,64909.667541557326,17846.52359948864,108.01130872135911,0.8439748146365919,0.04271850500003893,1010,64.65190026627936,13131.557897415913,86.77290279256592,0.04
100,3,15,100015,Random,114896.89781021894,28544.75665003809,116.80317940870984,0.5872573678933449,0.0003362499999184365,0,64.65190026627936,13131.557897415913,86.77290279256592,0.04
100,3,16,100016,ELO,71438.48354792561,28865.306483719956,85.30377583452963,0.7898767954926679,0.12037000800000897,1010,70.35607798165138,22377.072506848446,52.03549046853063,0.06
100,3,16,100016,LO,71877.7316735823,28980.760848415834,85.59132285542972,0.7861643870918431,0.06156248199999936,1010,70.35607798165138,22377.072506848446,52.03549046853063,0.04
100,3,16,100016,GA,112834.89545782264,41232.39755285936,79.3500043585166,0.6066900354129301,0.0395620910001071,1010,70.35607798165138,22377.072506848446,52.03549046853063,0.05
100,3,16,100016,P2C,88133.04721030043,33625.47352636077,81.51041178865064,0.7003690625911466,0.0003363020000506367,0,70.35607798165138,22377.072506848446,52.03549046853063,0.05
100,3,16,100016,SA,70561.54910096816,28656.323660028494,85.32345924098419,0.7957916253958507,0.033990333000019746,1010,70.35607798165138,22377.072506848446,52.03549046853063,0.03
100,3,16,100016,Random,191531.25000000003,64260.963613624655,84.33386071502025,0.44323175433688405,0.00021960300000500865,0,70.35607798165138,22377.072506848446,52.03549046853063,0.03
100,3,17,100017,ELO,84891.49363697253,31998.659738068396,130.1268786673873,0.8423661405690105,0.06940542400002414,1010,82.73984005222785,25489.43857616199,98.53903945882097,0.05
100,3,17,100017,LO,84021.92134107028,31753.039586290746,130.14066040130226,0.8477634091038486,0.10839477700005773,1010,82.73984005222785,25489.43857616199,98.53903945882097,0.05
100,3,17,100017,GA,131476.23762376237,47607.95524557782,124.84303016813953,0.6501807745726313,0.042318713999975444,1010,82.73984005222785,25489.43857616199,98.53903945882097,0.04
100,3,17,100017,P2C,108291.1877394636,39853.68456006876,127.17134822986031,0.7252933592004415,0.0004949279998527345,0,82.73984005222785,25489.43857616199,98.53903945882097,0.04
100,3,17,100017,SA,83060.28368794329,31425.943182755494,129.91500299324883,0.8548005288095339,0.036231470000075205,1010,82.73984005222785,25489.43857616199,98.53903945882097,0.05
100,3,17,100017,Random,304773.9463601532,104443.3818971641,121.179477907631,0.4409100970693913,0.0001782400001957285,0,82.73984005222785,25489.43857616199,98.53903945882097,0.04
100,3,18,100018,ELO,96321.32610774624,38725.124568693995,151.6429550186717,0.8623435035011346,0.06739351100009117,1010,95.40367445054945,30820.24024723856,121.72377533682555,0.04
100,3,18,100018,LO,95965.98639455783,38631.17832144274,151.65904731544518,0.8641837255255629,0.07140186099991297,1010,95.40367445054945,30820.24024723856,121.72377533682555,0.03
100,3,18,100018,GA,136457.14285714287,52426.70323046625,157.09067142368576,0.68630033069076,0.04010790799998176,1010,95.40367445054945,30820.24024723856,121.72377533682555,0.06
100,3,18,100018,P2C,120325.02708559044,47147.32216185876,153.54790988593862,0.7455143053888066,0.00033759699999791337,0,95.40367445054945,30820.24024723856,121.72377533682555,0.05
100,3,18,100018,SA,96053.55435129101,38623.62370491885,151.56311801903752,0.8641053379720013,0.03316764399983185,1010,95.40367445054945,30820.24024723856,121.72377533682555,0.05
100,3,18,100018,Random,188917.65980498376,70018.61935443594,162.62320609216874,0.5633145696908235,0.0001764339999681397,0,95.40367445054945,30820.24024723856,121.72377533682555,0.07
100,3,19,100019,ELO,71247.78761061947,25963.323897636554,95.87170039790144,0.7287649445928225,0.07490908399995533,1010,70.55727209464162,14160.062013322624,62.90682802208197,0.06
100,3,19,100019,LO,72182.83963227784,26209.760351052366,95.54586421934819,0.7235264893274576,0.06613424500005749,1010,70.55727209464162,14160.062013322624,62.90682802208197,0.08
100,3,19,100019,GA,101980.93941456772,36205.45327109774,96.78841746500089,0.5757719773851715,0.047450465999872904,1010,70.55727209464162,14160.062013322624,62.90682802208197,0.06
100,3,19,100019,P2C,90606.50406504064,32445.91355707131,97.58004777911891,0.6181019674806765,0.00034218600012536626,0,70.55727209464162,14160.062013322624,62.90682802208197,0.09
100,3,19,100019,SA,70717.56894790602,25823.19998248519,96.03341591893854,0.7318567791421318,0.03941266800006815,1010,70.55727209464162,14160.062013322624,62.90682802208197,0.09
100,3,19,100019,Random,203923.57723577236,69098.4027623259,103.78300571018603,0.3838799455381027,0.00017915900002662966,0,70.55727209464162,14160.062013322624,62.90682802208197,0.07
100,3,20,100020,ELO,71916.2026726058,27479.403383068668,89.3127902981123,0.8733544254460026,0.06588229099997989,1010,71.4034752112227,24081.79726534397,67.05101340005297,0.08
100,3,20,100020,LO,83645.30386740332,30691.49116530821,88.32168407298425,0.7990065528683145,0.06391211300001487,1010,71.4034752112227,24081.79726534397,67.05101340005297,0.07
100,3,20,100020,GA,120288.53383458647,40360.82189775657,83.72628946871154,0.6630297007476414,0.03951246699989497,1010,71.4034752112227,24081.79726534397,67.05101340005297,0.07
100,3,20,100020,P2C,102039.32584269663,35517.42369365833,86.47585792965145,0.7173245993877853,0.0004030350000903127,0,71.4034752112227,24081.79726534397,67.05101340005297,0.09
100,3,20,100020,SA,71480.23385300669,27375.230332996238,89.27628788814472,0.8765879481843804,0.03297342799987746,1010,71.4034752112227,24081.79726534397,67.05101340005297,0.07
100,3,20,100020,Random,182691.01123595505,57034.463694819075,81.72936671394007,0.5432701215642085,0.00018364500010648044,0,71.4034752112227,24081.79726534397,67.05101340005297,0.09
100,3,21,100021,ELO,75769.8766727893,22680.902998983107,101.75872333097381,0.7472576844756926,0.06287340799985941,1010,74.58400364243435,17404.446877505605,49.80616845923081,0.08
100,3,21,100021,LO,75334.11397345825,22572.01033377886,100.74101725219305,0.7520270219917764,0.061604150999983176,1010,74.58400364243435,17404.446877505605,49.80616845923081,0.08
100,3,21,100021,GA,130454.54545454547,36642.45080487782,91.30349855295319,0.53017768527829,0.03967643999999382,1010,74.58400364243435,17404.446877505605,49.80616845923081,0.06
100,3,21,100021,P2C,121502.67379679145,34297.935377465765,92.54057106860188,0.5527109492864197,0.0003398999999717489,0,74.58400364243435,17404.446877505605,49.80616845923081,0.05
100,3,21,100021,SA,74746.79487179489,22444.197340620485,101.28868742357041,0.7552049298888921,0.033166046000133065,1010,74.58400364243435,17404.446877505605,49.80616845923081,0.06
100,3,21,100021,Random,246146.1675579323,66861.07092911517,105.95436460873339,0.34362061689836565,0.0002302079999481066,0,74.58400364243435,17404.446877505605,49.80616845923081,0.05
100,3,22,100022,ELO,68920.14063284782,29424.22812860467,112.04129553493979,0.858577616807638,0.06365035300018462,1010,68.36162605932203,25147.48071335721,81.71209961186447,0.04
100,3,22,100022,LO,69339.43554538522,29578.707335364248,112.43344484623168,0.8542412569425772,0.06528978699998333,1010,68.36162605932203,25147.48071335721,81.71209961186447,0.03
100,3,22,100022,GA,84859.64912280702,34378.23854535748,114.07104562253464,0.7509386372395417,0.0431109869998636,1010,68.36162605932203,25147.48071335721,81.71209961186447,0.03
100,3,22,100022,P2C,83506.48360030513,33965.219238109494,113.92638141467228,0.7585709120872801,0.0003814060000877362,0,68.36162605932203,25147.48071335721,81.71209961186447,0.06
100,3,22,100022,SA,68399.24670433145,29249.298071560042,112.1537611944733,0.8625668941556177,0.03469301199993424,1010,68.36162605932203,25147.48071335721,81.71209961186447,0.05
100,3,22,100022,Random,140868.1732580038,51502.314616429976,117.75237004174639,0.55515721605251,0.0002278329998262052,0,68.36162605932203,25147.48071335721,81.71209961186447,0.08
100,3,23,100023,ELO,73459.18123054822,20075.441033699753,115.84233481868634,0.7984914710671009,0.06537450899986652,1010,72.441686645043,14903.150561984814,77.46021134748084,0.06
100,3,23,100023,LO,88618.03519061585,24253.119233718302,115.80086972046729,0.6994261466092193,0.09254816299994673,1010,72.441686645043,14903.150561984814,77.46021134748084,0.05
100,3,23,100023,GA,132033.86454183265,35978.264216115436,115.4725711567757,0.5432622369874065,0.03962291100015136,1010,72.441686645043,14903.150561984814,77.46021134748084,0.04
100,3,23,100023,P2C,95435.48387096776,26043.26099023815,115.60411594149659,0.6661704708742631,0.0003457000000253174,0,72.441686645043,14903.150561984814,77.46021134748084,0.06
100,3,23,100023,SA,72531.52492668622,19936.183806443776,116.2666832130929,0.8036113086891857,0.03233469299993885,1010,72.441686645043,14903.150561984814,77.46021134748084,0.05
100,3,23,100023,Random,261290.83665338645,66409.50276158756,118.76208066139995,0.3830273347996106,0.0001741060000313155,0,72.441686645043,14903.150561984814,77.46021134748084,0.05
100,3,24,100024,ELO,78278.52062588904,25965.518574380803,115.92998821674972,0.8362810945937055,0.061503614000002926,1010,77.48319511130511,22363.455014044004,76.16263735058801,0.04
100,3,24,100024,LO,80057.06760316067,26371.925329783087,115.38296165645846,0.8255394127673841,0.060919277000039074,1010,77.48319511130511,22363.455014044004,76.16263735058801,0.03
100,3,24,100024,GA,113791.92273924494,34162.53211672276,109.75513313470682,0.6762718559331506,0.03880159300001651,1010,77.48319511130511,22363.455014044004,76.16263735058801,0.03
100,3,24,100024,P2C,91647.05882352941,29098.935200373475,113.68648527693043,0.7613787571577117,0.0003352010000980954,0,77.48319511130511,22363.455014044004,76.16263735058801,0.02
100,3,24,100024,SA,77581.00558659217,25750.75322072526,115.72396379686934,0.8420461622980762,0.03280972200013821,1010,77.48319511130511,22363.455014044004,76.16263735058801,0.04
100,3,24,100024,Random,144140.61135371184,41639.8434561105,108.91892864915938,0.5907515441099878,0.0001753149999785819,0,77.48319511130511,22363.455014044004,76.16263735058801,0.04
100,3,25,100025,ELO,76954.64739596313,29884.980385324154,121.89466032948499,0.7537650387130872,0.061503502999812554,1010,75.4003773037295,16136.070011557802,91.18120301437565,0.07
100,3,25,100025,LO,81944.56762749447,31482.721011741134,124.01205944731745,0.7205445595304891,0.06351130500002,1010,75.4003773037295,16136.070011557802,91.18120301437565,0.09
100,3,25,100025,GA,137471.4003944773,49822.90322414656,131.55684866406722,0.5198347209352631,0.04004560099997434,1010,75.4003773037295,16136.070011557802,91.18120301437565,0.05
100,3,25,100025,P2C,121842.20907297832,44615.53350597567,129.23548316754284,0.5600127600945807,0.00033998100002463616,0,75.4003773037295,16136.070011557802,91.18120301437565,0.04
100,3,25,100025,SA,77598.23182711199,29816.208580274244,119.88293198077317,0.7556491405307569,0.03237551600000188,1010,75.4003773037295,16136.070011557802,91.18120301437565,0.05
100,3,25,100025,Random,199700.1972386588,69286.48293285088,143.6200236723833,0.41328946836797426,0.00017845899992607883,0,75.4003773037295,16136.070011557802,91.18120301437565,0.06
100,3,26,100026,ELO,90351.94535194537,36360.18883625448,138.5845276414181,0.8288165119428336,0.061910983999950986,1010,89.30139788612342,23407.701677324672,119.17041115156178,0.03
100,3,26,100026,LO,90243.84787472038,36361.859715361585,138.7445219939002,0.8288699117747622,0.06251947500004462,1010,89.30139788612342,23407.701677324672,119.17041115156178,0.05
100,3,26,100026,GA,150137.6237623762,59381.971712064464,148.10542250777752,0.5958358109450763,0.040919587999951545,1010,89.30139788612342,23407.701677324672,119.17041115156178,0.03
100,3,26,100026,P2C,124446.30872483221,49620.38254222459,146.2061182976782,0.6661727764897607,0.0003720449999491393,0,89.30139788612342,23407.701677324672,119.17041115156178,0.01
100,3,26,100026,SA,91533.70953370957,36727.58326336353,136.6780842103925,0.82637413908593,0.03359868999996252,1010,89.30139788612342,23407.701677324672,119.17041115156178,0.02
100,3,26,100026,Random,215144.5378151261,82928.67183820302,160.23910080346263,0.47836684116819567,0.0001762589999998454,0,89.30139788612342,23407.701677324672,119.17041115156178,0.02
100,3,27,100027,ELO,74831.62217659137,26573.131682090992,123.63096441980076,0.7870111044860167,0.0635647510000581,1010,73.91753163657046,20994.19284687951,72.08958965993958,0.04
100,3,27,100027,LO,76261.94852941175,26742.638307276586,122.93137833840805,0.7802898526714545,0.06289845400010563,1010,73.91753163657046,20994.19284687951,72.08958965993958,0.03
100,3,27,100027,GA,154473.0215827338,46237.806312732886,138.22019112010366,0.4843995960263572,0.04193633799991403,1010,73.91753163657046,20994.19284687951,72.08958965993958,0.03
100,3,27,100027,P2C,127553.95683453238,39665.22504068512,131.61935550829196,0.5519369836641208,0.00033876399993459927,0,73.91753163657046,20994.19284687951,72.08958965993958,0.04
100,3,27,100027,SA,74085.55783709789,26419.040348190698,123.86090935295135,0.7915032198646361,0.03629524899997705,1010,73.91753163657046,20994.19284687951,72.08958965993958,0.06
100,3,27,100027,Random,232314.74820143887,65389.60857259095,160.8409825916207,0.3620676906515842,0.00021064299994577595,0,73.91753163657046,20994.19284687951,72.08958965993958,0.06
100,3,28,100028,ELO,54459.363170786004,17838.49212765354,100.77944825406718,0.6929551192049391,0.06239439000000857,1010,54.09238249594814,13651.591617949125,32.06032339462259,0.07
100,3,28,100028,LO,54964.454976303314,17928.809904454043,100.78474928732174,0.6886267536978788,0.06065792499998679,1010,54.09238249594814,13651.591617949125,32.06032339462259,0.05
100,3,28,100028,GA,69578.98894154819,22065.82955320148,100.46588286080285,0.5722081281735654,0.04034563400000479,1010,54.09238249594814,13651.591617949125,32.06032339462259,0.06
100,3,28,100028,P2C,65103.64546104361,20842.880179509626,102.07845263940173,0.6005224483034468,0.0003507479998461349,0,54.09238249594814,13651.591617949125,32.06032339462259,0.06
100,3,28,100028,SA,54203.518147405935,17772.09679206585,100.7614836034585,0.6954930489013367,0.03245162700000037,1010,54.09238249594814,13651.591617949125,32.06032339462259,0.06
100,3,28,100028,Random,95289.09952606636,29126.600523059213,105.52408198766301,0.44694783430759366,0.00017817499997363484,0,54.09238249594814,13651.591617949125,32.06032339462259,0.04
100,3,29,100029,ELO,70164.83516483517,24716.82342045691,108.50843212760557,0.7908327873402814,0.06237630299983721,1010,68.82432635857293,18629.26135368685,69.33913978558806,0.06
100,3,29,100029,LO,80844.84159220145,27780.169608599983,108.07625808423747,0.7206561682021679,0.06387788799997907,1010,68.82432635857293,18629.26135368685,69.33913978558806,0.04
100,3,29,100029,GA,115875.71080422417,38074.764063874,107.7929885985125,0.5746353954211318,0.03914030099986121,1010,68.82432635857293,18629.26135368685,69.33913978558806,0.05
100,3,29,100029,P2C,99308.69212022745,33142.897538000674,107.87006184251464,0.6319364079077573,0.0003470950000519224,0,68.82432635857293,18629.26135368685,69.33913978558806,0.04
100,3,29,100029,SA,69116.97806661252,24440.66882188401,109.87396952107673,0.7960148733950436,0.033290931999999884,1010,68.82432635857293,18629.26135368685,69.33913978558806,0.07
100,3,29,100029,Random,153527.04791344667,49236.22552943416,113.90942158424548,0.4774572734260014,0.00017794899986256496,0,68.82432635857293,18629.26135368685,69.33913978558806,0.04
200,3,0,200000,ELO,163009.50011309664,59501.73490991378,218.48575547649466,0.7885608246321031,0.10882855499994548,1010,161.499615798371,32370.047415155066,183.16466051090777,0.02
200,3,0,200000,LO,247419.24398625433,87555.9477319942,222.71638724635807,0.6124994927896771,0.1050049460000082,1010,161.499615798371,32370.047415155066,183.16466051090777,0.025
200,3,0,200000,GA,364311.77446102817,126458.31922588998,232.26996612560538,0.49355348184970266,0.07230509099986193,1010,161.499615798371,32370.047415155066,183.16466051090777,0.01
200,3,0,200000,P2C,312132.6699834162,108586.6787463043,224.77571104576904,0.5410089809892669,0.0006938720000562171,0,161.499615798371,32370.047415155066,183.16466051090777,0.01
200,3,0,200000,SA,238584.19243986253,84320.00459447432,223.14079498571436,0.6247839288155042,0.06255957600001238,1010,161.499615798371,32370.047415155066,183.16466051090777,0.015
200,3,0,200000,Random,527975.1243781091,175836.0993732799,227.2171632332,0.42955347422688606,0.00046474000009766314,0,161.499615798371,32370.047415155066,183.16466051090777,0.02
200,3,1,200001,ELO,126613.70967741935,44826.41525937769,176.6756834199238,0.7209334254295588,0.11178115999996407,1010,125.20597599804066,29012.944927641285,93.44789111085922,0.03
200,3,1,200001,LO,170858.87096774194,58547.73800308856,170.11861471013543,0.5915822722014612,0.1138036770000781,1010,125.20597599804066,29012.944927641285,93.44789111085922,0.02
200,3,1,200001,GA,265427.05167173245,86784.54474496178,167.74172395457916,0.4531724191618983,0.07295550200001344,1010,125.20597599804066,29012.944927641285,93.44789111085922,0.035
200,3,1,200001,P2C,181030.39513677807,61737.6512873298,171.79266523365249,0.5675230439401387,0.0007204369999271876,0,125.20597599804066,29012.944927641285,93.44789111085922,0.04
200,3,1,200001,SA,142910.48387096776,49935.06768310173,174.5753125783249,0.6633071197133087,0.06242949000011322,1010,125.20597599804066,29012.944927641285,93.44789111085922,0.04
200,3,1,200001,Random,301927.0516717325,97558.00880015208,171.28627418756307,0.4179973535126402,0.0003336119998493814,0,125.20597599804066,29012.944927641285,93.44789111085922,0.045
200,3,2,200002,ELO,144365.94202898553,41790.449110437716,234.2965489141108,0.7804378896785562,0.10457342099994094,1010,143.57478297993453,25932.824619192874,171.29300539425859,0.025
200,3,2,200002,LO,245731.7919075144,66217.33220792831,257.5766714611721,0.5454211965782272,0.10309491699990758,1010,143.57478297993453,25932.824619192874,171.29300539425859,0.02
200,3,2,200002,GA,333286.5384615385,87477.90697514612,278.6399601994255,0.4458184106748837,0.07062436100000014,1010,143.57478297993453,25932.824619192874,171.29300539425859,0.015
200,3,2,200002,P2C,275243.961352657,73398.12516652698,263.6335944349636,0.506678742036758,0.0007049120001738629,0,143.57478297993453,25932.824619192874,171.29300539425859,0.035
200,3,2,200002,SA,233700.00000000003,63492.54372110192,245.5445029457548,0.571815962161861,0.060649549000117986,1010,143.57478297993453,25932.824619192874,171.29300539425859,0.035
200,3,2,200002,Random,496834.61538461543,128250.48527768606,281.7060019641757,0.36477106408518234,0.0003458920000412036,0,143.57478297993453,25932.824619192874,171.29300539425859,0.025
200,3,3,200003,ELO,149591.72133001577,41631.8679806433,220.06581068534643,0.7905534941561585,0.10763541699998314,1010,148.62302705749718,25813.403904645595,167.96822917822783,0.03
200,3,3,200003,LO,251139.91769547318,67584.77385777852,250.131084066811,0.5467537766353381,0.10445844000014404,1010,148.62302705749718,25813.403904645595,167.96822917822783,0.02
200,3,3,200003,GA,371323.77740303526,92733.49780180538,270.7573360339809,0.43144617543757235,0.07004865900012192,1010,148.62302705749718,25813.403904645595,167.96822917822783,0.015
200,3,3,200003,P2C,250402.24358974365,66628.75470086432,251.61529485135122,0.5478852175099795,0.0007374100000561157,0,148.62302705749718,25813.403904645595,167.96822917822783,0.02
200,3,3,200003,SA,161729.76680384087,44791.00620495394,224.79880301063417,0.745775000240341,0.06184563400006482,1010,148.62302705749718,25813.403904645595,167.96822917822783,0.03
200,3,3,200003,Random,521780.77571669477,126306.30803404808,292.2129723201272,0.3531716138237124,0.00035020700011045847,0,148.62302705749718,25813.403904645595,167.96822917822783,0.03
200,3,4,200004,ELO,157816.180108857,53208.466793125626,223.23150003990267,0.8376439089506451,0.10905224000021008,1010,155.23124911385227,39065.63015257388,178.19371364742935,0.01
200,3,4,200004,LO,205096.8421052631,68252.96241973247,220.38302885915903,0.7111966917761392,0.10955566600000566,1010,155.23124911385227,39065.63015257388,178.19371364742935,0.015
200,3,4,200004,GA,266903.15789473685,88427.19772948604,214.41960494333654,0.616381633952523,0.07045839800002796,1010,155.23124911385227,39065.63015257388,178.19371364742935,0.015
200,3,4,200004,P2C,198936.84210526315,66410.13194634966,220.30684496461726,0.7244229996942984,0.0006922229999872798,0,155.23124911385227,39065.63015257388,178.19371364742935,0.01
200,3,4,200004,SA,195597.3254086181,65499.20704535705,219.81858034830998,0.7321938409545887,0.06150309300005574,1010,155.23124911385227,39065.63015257388,178.19371364742935,0.02
200,3,4,200004,Random,386127.7860326896,126663.05227815465,209.82424754365962,0.5177833431501364,0.0003386920000139071,0,155.23124911385227,39065.63015257388,178.19371364742935,0.015
200,3,5,200005,ELO,119857.53656985372,41520.55103230462,203.78466116553844,0.7997482664685269,0.10482357699993372,1010,117.97523627228138,32741.9402192037,127.71511734279854,0.02
200,3,5,200005,LO,142786.36741479635,48148.61276369903,207.344395148623,0.7071297454025316,0.10249863400008508,1010,117.97523627228138,32741.9402192037,127.71511734279854,0.025
200,3,5,200005,GA,198213.6325852037,64216.86492717453,215.52150385998272,0.5653211374093217,0.0711519409999255,1010,117.97523627228138,32741.9402192037,127.71511734279854,0.015
200,3,5,200005,P2C,171769.9849170437,56559.88599651935,212.45557835849465,0.6218489970001387,0.0006815219999225519,0,117.97523627228138,32741.9402192037,127.71511734279854,0.04
200,3,5,200005,SA,118357.43973399833,41038.400905659684,204.88746359415342,0.8059019255232436,0.06310473999997157,1010,117.97523627228138,32741.9402192037,127.71511734279854,0.03
200,3,5,200005,Random,241924.52830188684,76848.53848284681,229.51192693349032,0.48941836341064904,0.000377911999976277,0,117.97523627228138,32741.9402192037,127.71511734279854,0.025
200,3,6,200006,ELO,137817.2575599583,48261.64298344852,165.98705989415413,0.7526760885817665,0.10646823299998687,1010,137.45236099469125,34459.91737594315,90.93175783523017,0.035
200,3,6,200006,LO,150312.292358804,52231.00855959645,163.5420691999907,0.7095700242133856,0.10411286599992309,1010,137.45236099469125,34459.91737594315,90.93175783523017,0.04
200,3,6,200006,GA,230208.47176079729,77830.1097539961,141.22604009324573,0.5600518228502422,0.07055321600000752,1010,137.45236099469125,34459.91737594315,90.93175783523017,0.025
200,3,6,200006,P2C,176892.02657807304,60923.78649887296,155.6142707336569,0.6415679261240128,0.0006882179998228821,0,137.45236099469125,34459.91737594315,90.93175783523017,0.025
200,3,6,200006,SA,164281.48148148146,56718.51469409193,158.7024540889166,0.6717576996613304,0.061732901999903333,1010,137.45236099469125,34459.91737594315,90.93175783523017,0.03
200,3,6,200006,Random,279819.4905869324,93130.423328012,150.15293306093326,0.4877541051798687,0.000412383999901067,0,137.45236099469125,34459.91737594315,90.93175783523017,0.02
200,3,7,200007,ELO,145859.4827586207,55591.47282309728,177.7937123156127,0.7292217094615686,0.11394555800006856,1010,144.10920770877945,32979.9202678649,108.54840344197873,0.025
200,3,7,200007,LO,189637.0689655173,72198.24581991337,179.00814668671273,0.6061928971295855,0.11667445900002349,1010,144.10920770877945,32979.9202678649,108.54840344197873,0.035
200,3,7,200007,GA,267481.3829787234,99940.33300909266,174.9211567414175,0.49477416827900467,0.11741026999993665,1010,144.10920770877945,32979.9202678649,108.54840344197873,0.015
200,3,7,200007,P2C,180562.0188195039,68856.09586970601,177.20720005586338,0.6283689955120635,0.0006846090000180993,0,144.10920770877945,32979.9202678649,108.54840344197873,0.03
200,3,7,200007,SA,156354.3103448276,59561.535150592215,177.47034625098908,0.6942596022720278,0.06420106699988537,1010,144.10920770877945,32979.9202678649,108.54840344197873,0.035
200,3,7,200007,Random,405502.65957446804,148685.05730565227,185.81228296541968,0.3854727988279124,0.0003327800000079151,0,144.10920770877945,32979.9202678649,108.54840344197873,0.01
200,3,8,200008,ELO,186822.7628149435,70514.01307953267,259.2536400626962,0.6903038354099958,0.12263185699998758,1010,184.94803854094977,38288.63427710938,140.62357416905908,0.005
200,3,8,200008,LO,223638.57515204165,81902.20314052499,249.42132243455137,0.6179095293212694,0.1298037019998901,1010,184.94803854094977,38288.63427710938,140.62357416905908,0.015
200,3,8,200008,GA,360365.7407407407,121517.33728578266,232.18183150315832,0.4763617637476244,0.0976982649999627,1010,184.94803854094977,38288.63427710938,140.62357416905908,0.035
200,3,8,200008,P2C,254881.84187662898,90946.80144378413,241.9241862040186,0.5744151037668072,0.0012151240000548569,0,184.94803854094977,38288.63427710938,140.62357416905908,0.01
200,3,8,200008,SA,243413.83989145182,87737.8871734906,244.19065126480785,0.5891514225913348,0.06476342500013743,1010,184.94803854094977,38288.63427710938,140.62357416905908,0.01
200,3,8,200008,Random,415989.1975308642,136068.22551910317,235.9669289450633,0.43905320577949825,0.0003429840000990225,0,184.94803854094977,38288.63427710938,140.62357416905908,0.015
200,3,9,200009,ELO,140509.22196311218,40885.40230530192,225.6578041533308,0.758705391390291,0.10813878999988447,1010,138.76125296130562,24758.234187727143,155.1725745408925,0.045
200,3,9,200009,LO,180934.88023952098,52172.46549321754,232.41742778145942,0.6347500107579516,0.11886445899995124,1010,138.76125296130562,24758.234187727143,155.1725745408925,0.03
200,3,9,200009,GA,359181.90854870784,99280.0468970928,239.97939011017974,0.42565657474356544,0.07260967100000926,1010,138.76125296130562,24758.234187727143,155.1725745408925,0.02
200,3,9,200009,P2C,212460.23856858845,60292.45652515714,234.578153521881,0.5734382948705492,0.0006874419998439407,0,138.76125296130562,24758.234187727143,155.1725745408925,0.035
200,3,9,200009,SA,182322.60479041917,52066.70894126495,230.77908328727318,0.6347155538087035,0.061999085000024934,1010,138.76125296130562,24758.234187727143,155.1725745408925,0.035
200,3,9,200009,Random,488419.29499072355,135110.45796934393,265.0077146883138,0.3492851407150031,0.00035474400010571117,0,138.76125296130562,24758.234187727143,155.1725745408925,0.04
200,3,10,200010,ELO,178149.1097922849,55661.76452653488,266.5263181218607,0.7901667765547881,0.1179737910001677,1010,176.8158966188706,33366.21575213786,209.04127075832452,0.03
200,3,10,200010,LO,222400.59347181005,66954.4781502406,261.1795067799735,0.6959206320429417,0.10822805099996913,1010,176.8158966188706,33366.21575213786,209.04127075832452,0.025
200,3,10,200010,GA,404429.5532646048,113309.27916210462,247.48954272940654,0.523128793756954,0.07120313099994746,1010,176.8158966188706,33366.21575213786,209.04127075832452,0.025
200,3,10,200010,P2C,283484.67432950187,82552.90643389648,259.77347743903704,0.6088026720564101,0.0006925400000454829,0,176.8158966188706,33366.21575213786,209.04127075832452,0.035
200,3,10,200010,SA,259766.32302405502,76659.81972589651,255.93006198853215,0.6421480872484736,0.06238545299993348,1010,176.8158966188706,33366.21575213786,209.04127075832452,0.035
200,3,10,200010,Random,464155.17241379316,128512.78957662199,250.56359909261624,0.48929982007156353,0.00039425199997822347,0,176.8158966188706,33366.21575213786,209.04127075832452,0.02
200,3,11,200011,ELO,149767.4418604651,56206.646544118965,189.84126582265196,0.6928175811177675,0.17306323599996176,1010,149.38683537105487,33383.18203661418,93.03245257157316,0.015
200,3,11,200011,LO,198291.86602870814,72536.81425243278,186.39463860710782,0.5697958580731323,0.11356296899998597,1010,149.38683537105487,33383.18203661418,93.03245257157316,0.02
200,3,11,200011,GA,325342.28187919466,114945.78559410831,181.69847818195439,0.4192353090599419,0.07060326700002406,1010,149.38683537105487,33383.18203661418,93.03245257157316,0.02
200,3,11,200011,P2C,202724.08293460924,74085.97892015666,184.43197840229033,0.5628411816448041,0.0006901809999817488,0,149.38683537105487,33383.18203661418,93.03245257157316,0.015
200,3,11,200011,SA,179164.5658263306,66079.82511764739,186.085234032701,0.6119011287064942,0.061143039999933535,1010,149.38683537105487,33383.18203661418,93.03245257157316,0.015
200,3,11,200011,Random,423826.1562998404,146983.8789973858,201.57358403150982,0.34584223831382965,0.0003352189999077382,0,149.38683537105487,33383.18203661418,93.03245257157316,0.015
200,3,12,200012,ELO,137776.75840978595,45081.04491902623,221.8232064148643,0.765675000947966,0.11303414899998643,1010,136.73694138131165,22776.20476514071,179.06378500619223,0.04
200,3,12,200012,LO,158813.45565749236,51274.070254495884,226.55953113746565,0.6959758245213518,0.10937197399994147,1010,136.73694138131165,22776.20476514071,179.06378500619223,0.035
200,3,12,200012,GA,309545.0980392157,96372.53001562905,272.7679736461542,0.4427613501380496,0.07583753299991258,1010,136.73694138131165,22776.20476514071,179.06378500619223,0.05
200,3,12,200012,P2C,231909.27624872574,73331.46072723024,251.54257114904192,0.5350887689456664,0.0011779129999922588,0,136.73694138131165,22776.20476514071,179.06378500619223,0.045
200,3,12,200012,SA,175078.77813504823,56338.9347456831,233.42915236022324,0.6483263663635783,0.0641555749998588,1010,136.73694138131165,22776.20476514071,179.06378500619223,0.045
200,3,12,200012,Random,457534.64052287594,135586.39393347478,279.6793488805594,0.36701808307958234,0.000366845000144167,0,136.73694138131165,22776.20476514071,179.06378500619223,0.05
200,3,13,200013,ELO,164830.550918197,63218.70285324694,194.14272616742406,0.694027737154538,0.11556979600004524,1010,164.1960983884648,36842.15750838296,98.33923454860222,0.035
200,3,13,200013,LO,238359.86733001657,87792.79560852666,193.90599109096985,0.5373629690116333,0.11528380899994772,1010,164.1960983884648,36842.15750838296,98.33923454860222,0.02
200,3,13,200013,GA,326534.97164461244,116786.51420763781,204.99194287879158,0.4315052615481439,0.08588684900018961,1010,164.1960983884648,36842.15750838296,98.33923454860222,0.02
200,3,13,200013,P2C,244834.1625207297,89936.04248045503,196.15134000278834,0.5260357713200282,0.0007412519998979405,0,164.1960983884648,36842.15750838296,98.33923454860222,0.025
200,3,13,200013,SA,203833.8898163606,76261.49596477761,193.39585859975412,0.5978834426853794,0.07327754800007824,1010,164.1960983884648,36842.15750838296,98.33923454860222,0.03
200,3,13,200013,Random,465699.83416252077,161499.31733483486,216.37450763955388,0.34389437367769854,0.0003589760001432296,0,164.1960983884648,36842.15750838296,98.33923454860222,0.025
200,3,14,200014,ELO,134780.3524016413,45380.50080265793,203.94169935278057,0.7581209438133254,0.11175228199999765,1010,134.0257696057947,33160.503154180726,112.18227790131968,0.04
200,3,14,200014,LO,182356.38730675343,60072.45820068944,198.61080066612152,0.6166171512849391,0.10443682599998283,1010,134.0257696057947,33160.503154180726,112.18227790131968,0.025
200,3,14,200014,GA,227064.67259498796,74322.94231480348,196.1121330908463,0.5352511081728747,0.0711738330001026,1010,134.0257696057947,33160.503154180726,112.18227790131968,0.015
200,3,14,200014,P2C,206178.94736842107,67122.580179395,205.51641290046103,0.5626173382070874,0.0006803249998483807,0,134.0257696057947,33160.503154180726,112.18227790131968,0.035
200,3,14,200014,SA,144615.13425549227,48434.87477396519,203.58181943144322,0.720457978650573,0.06183350499986773,1010,134.0257696057947,33160.503154180726,112.18227790131968,0.04
200,3,14,200014,Random,442464.9122807018,135730.893156778,243.6585017008229,0.3349595479720153,0.00033960999985538365,0,134.0257696057947,33160.503154180726,112.18227790131968,0.025
200,3,15,200015,ELO,122107.64430577224,48834.12745241575,170.91854145351587,0.7295942556936075,0.10787380700003268,1010,115.71771195587,32252.602399698302,99.60383940369577,0.03
200,3,15,200015,LO,127187.98751950076,50400.64020163549,170.41811217935185,0.7106879734527364,0.11205927300011354,1010,115.71771195587,32252.602399698302,99.60383940369577,0.03
200,3,15,200015,GA,160413.30502477003,60708.89337524584,167.48319440359984,0.614937589724862,0.07326074699994933,1010,115.71771195587,32252.602399698302,99.60383940369577,0.03
200,3,15,200015,P2C,140355.69422776913,54444.12063123609,169.81938957051705,0.6670416054415615,0.0009468649998325418,0,115.71771195587,32252.602399698302,99.60383940369577,0.045
200,3,15,200015,SA,116167.68916155418,47025.05346083586,170.49156517254008,0.7547052969830615,0.10765109799990569,1010,115.71771195587,32252.602399698302,99.60383940369577,0.045
200,3,15,200015,Random,219490.63962558509,79225.79554601594,166.79604540285294,0.5094550659715587,0.0003349849998812715,0,115.71771195587,32252.602399698302,99.60383940369577,0.035
200,3,16,200016,ELO,137581.78256611162,50538.8653850493,198.9277432089832,0.7634756566875811,0.10513261100004456,1010,136.93630899091954,26168.395943343585,156.11373126637005,0.055
200,3,16,200016,LO,177039.81968444772,63553.367064186205,198.38103255841548,0.6549339522937644,0.10484436800015828,1010,136.93630899091954,26168.395943343585,156.11373126637005,0.04
200,3,16,200016,GA,252598.34938101788,88189.59239901623,194.42306131861721,0.5447608355168383,0.07093051199990441,1010,136.93630899091954,26168.395943343585,156.11373126637005,0.045
200,3,16,200016,P2C,220570.8390646492,78064.60954997013,196.48877320497718,0.5810365469629911,0.0006929950000085228,0,136.93630899091954,26168.395943343585,156.11373126637005,0.05
200,3,16,200016,SA,175365.3281096964,62896.296625273404,197.41587565752582,0.6601033461259802,0.06106605300010415,1010,136.93630899091954,26168.395943343585,156.11373126637005,0.055
200,3,16,200016,Random,399136.1760660247,134802.11844221244,190.0108958623912,0.45034864231919614,0.00033295499997620936,0,136.93630899091954,26168.395943343585,156.11373126637005,0.045
200,3,17,200017,ELO,128626.99357295883,50755.69596483634,196.7872724488289,0.7394427952618796,0.1062134920000517,1010,127.71742237235287,38134.5420509072,93.21895249422471,0.01
200,3,17,200017,LO,147494.3100995733,57335.56440130421,199.04889751397718,0.6664358178358697,0.1077803099999528,1010,127.71742237235287,38134.5420509072,93.21895249422471,0.01
200,3,17,200017,GA,214475.81792318632,80790.57681076127,206.03172564080174,0.5063046819331535,0.07558011599985548,1010,127.71742237235287,38134.5420509072,93.21895249422471,0.01
200,3,17,200017,P2C,177015.55352241537,67708.62004672844,201.75822404758944,0.5820604464110054,0.0008611299999756739,0,127.71742237235287,38134.5420509072,93.21895249422471,0.015
200,3,17,200017,SA,129346.10806950727,51059.02291254208,195.78498316318803,0.736903784591046,0.06288549300006707,1010,127.71742237235287,38134.5420509072,93.21895249422471,0.01
200,3,17,200017,Random,271740.220661986,99635.32905935682,210.27318254873714,0.4315280245925466,0.00033571300014045846,0,127.71742237235287,38134.5420509072,93.21895249422471,0.01
200,3,18,200018,ELO,124771.63120567375,46880.66524108306,213.2120555152806,0.8318503127684866,0.10670414700007314,1010,123.1983873032126,36412.679605615966,156.3102109828894,0.055
200,3,18,200018,LO,175702.12765957453,65697.10855584595,232.5435481173622,0.6416519942194597,0.10838010399993436,1010,123.1983873032126,36412.679605615966,156.3102109828894,0.05
200,3,18,200018,GA,242995.61883899235,89682.10439173548,268.2801945381932,0.49762659407314075,0.07346817400002692,1010,123.1983873032126,36412.679605615966,156.3102109828894,0.04
200,3,18,200018,P2C,207746.3414634146,77214.60926372684,254.22582252643258,0.5589338214812891,0.0006607919999623846,0,123.1983873032126,36412.679605615966,156.3102109828894,0.045
200,3,18,200018,SA,124407.79487179486,46745.712687175685,213.3614337324599,0.8333962544013287,0.0632154789998367,1010,123.1983873032126,36412.679605615966,156.3102109828894,0.075
200,3,18,200018,Random,425091.056910569,154601.79616295255,305.2745962018743,0.34468853143538347,0.00033878199997161573,0,123.1983873032126,36412.679605615966,156.3102109828894,0.03
200,3,19,200019,ELO,168100.67114093958,63740.1013508202,290.0448409599661,0.7578516811105972,0.10908112300012363,1010,166.7839427662957,49047.70920536345,148.3694998544887,0.025
200,3,19,200019,LO,186744.20677361853,70433.87757865537,285.79245147756944,0.7028118655807136,0.10944104999998672,1010,166.7839427662957,49047.70920536345,148.3694998544887,0.025
200,3,19,200019,GA,248338.41684822075,92444.60351850057,270.57993371840615,0.5829711542317007,0.07988818400008313,1010,166.7839427662957,49047.70920536345,148.3694998544887,0.02
200,3,19,200019,P2C,200490.9365558913,75352.32139508959,289.4051302608699,0.6650109278872065,0.0012628009999389178,0,166.7839427662957,49047.70920536345,148.3694998544887,0.02
200,3,19,200019,SA,168649.73262032084,63850.0188299657,288.1454774239897,0.7574480757854838,0.10058507500002634,1010,166.7839427662957,49047.70920536345,148.3694998544887,0.015
200,3,19,200019,Random,301126.8882175227,111055.20667865012,296.91127828232584,0.49784158098838505,0.0003355859998919186,0,166.7839427662957,49047.70920536345,148.3694998544887,0.015
200,3,20,200020,ELO,139035.67839195978,45134.3223353986,222.25810604251626,0.8224209763281469,0.11151217200017527,1010,138.11263619640582,41163.33572668756,124.27968016403007,0.04
200,3,20,200020,LO,174414.73684210528,54632.463631033315,226.68748029338795,0.698411031758456,0.10772317900000417,1010,138.11263619640582,41163.33572668756,124.27968016403007,0.025
200,3,20,200020,GA,239482.8375286041,71766.08759388456,234.1376427772679,0.5604941388369529,0.07509911299985106,1010,138.11263619640582,41163.33572668756,124.27968016403007,0.025
200,3,20,200020,P2C,153326.46834477494,48958.22268610183,222.91971505413704,0.7671004672085496,0.0011025490000520222,0,138.11263619640582,41163.33572668756,124.27968016403007,0.03
200,3,20,200020,SA,147557.58962623955,47440.40963268926,221.20988977208728,0.7892900064357062,0.06746092399998815,1010,138.11263619640582,41163.33572668756,124.27968016403007,0.03
200,3,20,200020,Random,297822.105263158,87597.862611677,248.01848140905838,0.4781649813287667,0.00033174099985444627,0,138.11263619640582,41163.33572668756,124.27968016403007,0.025
200,3,21,200021,ELO,163899.06046735725,44695.77738427724,242.91968153868186,0.7644662031867897,0.11137295599996833,1010,161.96153227104458,27224.41737787223,170.2437222531333,0.03
200,3,21,200021,LO,265305.3097345132,69607.56895227203,285.48490417374353,0.5312237170811737,0.14084736099994188,1010,161.96153227104458,27224.41737787223,170.2437222531333,0.035
200,3,21,200021,GA,330092.8338762215,86176.88785991992,321.09602069071786,0.4442910483276793,0.07327474199996686,1010,161.96153227104458,27224.41737787223,170.2437222531333,0.02
200,3,21,200021,P2C,281654.72312703583,73798.37718704317,295.82138140895955,0.5051020434501458,0.0006801129998166289,0,161.96153227104458,27224.41737787223,170.2437222531333,0.015
200,3,21,200021,SA,191123.89380530972,51573.37583356521,258.377000002901,0.6765616035460567,0.06183763500007444,1010,161.96153227104458,27224.41737787223,170.2437222531333,0.03
200,3,21,200021,Random,539575.3676470589,133835.57378400606,381.1298573627304,0.3156210816243838,0.00034204099983980996,0,161.96153227104458,27224.41737787223,170.2437222531333,0.01
200,3,22,200022,ELO,136973.68421052632,47902.880630485626,224.98624271840646,0.8163837562462655,0.13904610299982778,1010,135.8135177979536,38224.42765680912,148.54106793333747,0.03
200,3,22,200022,LO,199692.1529175051,65112.189316059936,258.1948395766269,0.6138874370175491,0.18463333700015028,1010,135.8135177979536,38224.42765680912,148.54106793333747,0.025
200,3,22,200022,GA,364532.5342465753,110603.50257948588,330.8745389530499,0.3885997843756136,0.06951838999998472,1010,135.8135177979536,38224.42765680912,148.54106793333747,0.02
200,3,22,200022,P2C,255679.79452054796,80595.45076561107,292.3973951696985,0.5041885546767964,0.0007006859998455184,0,135.8135177979536,38224.42765680912,148.54106793333747,0.02
200,3,22,200022,SA,180438.35616438353,59573.38074728952,245.14888950170933,0.6664970110767092,0.060503622999931395,1010,135.8135177979536,38224.42765680912,148.54106793333747,0.04
200,3,22,200022,Random,527743.1506849315,154384.82918644103,364.5412471367756,0.3035724036404649,0.00037894100000812614,0,135.8135177979536,38224.42765680912,148.54106793333747,0.04
200,3,23,200023,ELO,142649.7797356828,46343.45478444453,222.8379956415393,0.6772669728679027,0.10486758500019278,1010,140.58406585740198,24537.801581580545,116.16171189204181,0.03
200,3,23,200023,LO,232149.04552129222,71970.26018566362,220.47223382178643,0.48963051703322935,0.10079711499997757,1010,140.58406585740198,24537.801581580545,116.16171189204181,0.025
200,3,23,200023,GA,280671.2062256809,84497.48594863106,214.8547348682155,0.4424423182416753,0.07091431599997122,1010,140.58406585740198,24537.801581580545,116.16171189204181,0.04
200,3,23,200023,P2C,191665.19823788543,60456.28386304212,221.68837869310414,0.5529645820146663,0.0006825989999015292,0,140.58406585740198,24537.801581580545,116.16171189204181,0.025
200,3,23,200023,SA,179805.27752502277,56380.76714580807,223.1850130088273,0.5777459509034332,0.06061070400005519,1010,140.58406585740198,24537.801581580545,116.16171189204181,0.045
200,3,23,200023,Random,393595.33073929953,113208.74757082909,234.99621168269334,0.3546868838495803,0.00039230800007317157,0,140.58406585740198,24537.801581580545,116.16171189204181,0.035
200,3,24,200024,ELO,133024.4998876152,48057.22039562536,222.18708171811625,0.816406080782281,0.10393617199997607,1010,131.80439471555675,31958.237941844003,177.29959058620037,0.03
200,3,24,200024,LO,182740.795287187,64622.65538201908,237.89113804127476,0.6521075367711253,0.10284273399997801,1010,131.80439471555675,31958.237941844003,177.29959058620037,0.035
200,3,24,200024,GA,230086.89248895436,80886.76356616712,255.41677113563844,0.5524448555223653,0.12672160300007818,1010,131.80439471555675,31958.237941844003,177.29959058620037,0.035
200,3,24,200024,P2C,172824.32432432438,61189.18669656684,232.92719462874217,0.6804409936879752,0.0013448340000650205,0,131.80439471555675,31958.237941844003,177.29959058620037,0.04
200,3,24,200024,SA,147287.05636743212,52996.078037704305,227.54099040412433,0.7574765214698691,0.07937003700021705,1010,131.80439471555675,31958.237941844003,177.29959058620037,0.03
200,3,24,200024,Random,357550.8100147275,117927.49719991355,271.80654478784857,0.42904719791039947,0.00037744700011899113,0,131.80439471555675,31958.237941844003,177.29959058620037,0.04
200,3,25,200025,ELO,143140.91680814943,44288.632927569015,277.0930348859382,0.8174438136952225,0.10547087700001612,1010,142.56639264316567,34161.914884842394,190.1952073469822,0.02
200,3,25,200025,LO,163660.4046242775,49792.84037854285,272.50723539050273,0.751056176899854,0.10389648600016699,1010,142.56639264316567,34161.914884842394,190.1952073469822,0.015
200,3,25,200025,GA,224061.12054329374,65921.06003623708,286.36504998096217,0.6053461688084001,0.07016861700003574,1010,142.56639264316567,34161.914884842394,190.1952073469822,0.01
200,3,25,200025,P2C,166523.8439306359,50544.25753523889,278.3596200707852,0.7378027893736023,0.0006849669998700847,0,142.56639264316567,34161.914884842394,190.1952073469822,0.02
200,3,25,200025,SA,175801.9872249822,53024.455064051,278.00980340000916,0.7124272314899602,0.06019965099994806,1010,142.56639264316567,34161.914884842394,190.1952073469822,0.02
200,3,25,200025,Random,393232.59762309,111190.18662003454,328.6060899877144,0.4151045388362869,0.00033793200009313296,0,142.56639264316567,34161.914884842394,190.1952073469822,0.025
200,3,26,200026,ELO,137421.97802197805,50975.152249475635,222.89053444171836,0.8626772815908306,0.11503464700012955,1010,137.1737387698687,44482.007472548,159.79368662927072,0.04
200,3,26,200026,LO,168906.27482128676,60490.09610716098,218.87635097306077,0.7589461683866411,0.10742790600011176,1010,137.1737387698687,44482.007472548,159.79368662927072,0.025
200,3,26,200026,GA,205985.77235772365,71051.24585130322,212.2386780632419,0.6810740454988112,0.11102794900011759,1010,137.1737387698687,44482.007472548,159.79368662927072,0.035
200,3,26,200026,P2C,168867.44186046516,60442.513762833,219.36539345691207,0.7586675269748371,0.0006927070000983804,0,137.1737387698687,44482.007472548,159.79368662927072,0.04
200,3,26,200026,SA,138109.0785907859,51128.04958249423,222.69481948350773,0.8603591493381562,0.06106020299989723,1010,137.1737387698687,44482.007472548,159.79368662927072,0.035
200,3,26,200026,Random,286696.511627907,94849.21251218369,213.02462511530393,0.5648837823764937,0.0003551820000211592,0,137.1737387698687,44482.007472548,159.79368662927072,0.035
200,3,27,200027,ELO,141170.24013722123,55626.83899948514,242.60512499883194,0.8265272589520722,0.10869033299991315,1010,140.45071186440677,38130.852895015705,194.92766950778056,0.035
200,3,27,200027,LO,183382.6714801444,70478.45204418234,256.9720613496445,0.6870164041882436,0.1038931489999868,1010,140.45071186440677,38130.852895015705,194.92766950778056,0.02
200,3,27,200027,GA,258813.47773766547,96909.88244217244,281.6905604076474,0.5412178598780789,0.07043423400000393,1010,140.45071186440677,38130.852895015705,194.92766950778056,0.03
200,3,27,200027,P2C,226132.57243195784,85533.55768788472,270.9992027275136,0.5939011328309458,0.0006653299999470619,0,140.45071186440677,38130.852895015705,194.92766950778056,0.04
200,3,27,200027,SA,154465.58704453442,60392.66756101605,247.77267253719185,0.7743461173256148,0.06206982399999106,1010,140.45071186440677,38130.852895015705,194.92766950778056,0.035
200,3,27,200027,Random,351577.6173285198,128853.80406764861,310.3393821583457,0.43972140662267434,0.0003689139998641622,0,140.45071186440677,38130.852895015705,194.92766950778056,0.03
200,3,28,200028,ELO,133991.13618049957,44222.481782429575,206.06343088573303,0.6955756464203156,0.1267478629999914,1010,132.82049122807018,31948.870266592505,76.69504040520246,0.02
200,3,28,200028,LO,135053.28467153283,44516.62844917955,207.83959083481633,0.6903303037664738,0.11019492700006595,1010,132.82049122807018,31948.870266592505,76.69504040520246,0.02
200,3,28,200028,GA,177024.81751824822,56756.91631622286,209.42089817980988,0.5598391651515741,0.12742431599986048,1010,132.82049122807018,31948.870266592505,76.69504040520246,0.02
200,3,28,200028,P2C,147589.84689766317,48156.37530980028,206.92241597606963,0.644859742945082,0.0014319089998480194,0,132.82049122807018,31948.870266592505,76.69504040520246,0.02
200,3,28,200028,SA,133117.1144859813,43999.24816306523,206.3003777712716,0.6988286162122437,0.11749122499986697,1010,132.82049122807018,31948.870266592505,76.69504040520246,0.035
200,3,28,200028,Random,264859.7904915391,80320.41077728955,195.10995984333198,0.4304461591179914,0.0007086820000949956,0,132.82049122807018,31948.870266592505,76.69504040520246,0.035
200,3,29,200029,ELO,162112.94221050316,52356.32587489892,244.9979815946072,0.7825224857559798,0.10902307200012729,1010,153.08533884541563,27932.846381627834,214.93330555505298,0.04
200,3,29,200029,LO,212442.34592445323,69979.81716686781,274.59710335806477,0.6318083927289847,0.11076650899985907,1010,153.08533884541563,27932.846381627834,214.93330555505298,0.035
200,3,29,200029,GA,359497.39130434784,118644.15985842777,329.9888830625735,0.43551245958018636,0.07425130699994043,1010,153.08533884541563,27932.846381627834,214.93330555505298,0.02
200,3,29,200029,P2C,284608.69565217395,93981.05923730708,302.8883400519496,0.5127265517923548,0.0006466439999712748,0,153.08533884541563,27932.846381627834,214.93330555505298,0.035
200,3,29,200029,SA,199850.4347826087,66602.7724905141,278.006202161282,0.6505049907871918,0.06298121800000445,1010,153.08533884541563,27932.846381627834,214.93330555505298,0.025
200,3,29,200029,Random,500172.1739130436,161452.92976092984,337.98803758900493,0.36967823455857507,0.0003621910000219941,0,153.08533884541563,27932.846381627834,214.93330555505298,0.03
300,9,0,300000,ELO,117959.44967414917,84669.6984608221,312.82513256995765,0.6825847285301442,0.14859443899990765,1010,102.17036011080333,47266.45586736897,196.18160422910634,0.043333333333333335
300,9,0,300000,LO,136147.71904417095,94963.42563167097,318.02042644418646,0.6204453074242033,0.14510769499997878,1010,102.17036011080333,47266.45586736897,196.18160422910634,0.03333333333333333
300,9,0,300000,GA,145417.54385964913,100209.19056092402,323.5285385039782,0.59233423241513,0.10325594500000079,1010,102.17036011080333,47266.45586736897,196.18160422910634,0.03666666666666667
300,9,0,300000,P2C,130307.53138075313,91688.79957695416,322.11329362645324,0.6350016674356298,0.0010358910001286858,0,102.17036011080333,47266.45586736897,196.18160422910634,0.03333333333333333
300,9,0,300000,SA,124984.3137254902,88380.76366012731,315.1718408691346,0.6570087603711074,0.09363217000009172,1010,102.17036011080333,47266.45586736897,196.18160422910634,0.03666666666666667
300,9,0,300000,Random,230408.18713450292,150861.65691573464,338.71634949860714,0.4439911026637813,0.0005389340001329401,0,102.17036011080333,47266.45586736897,196.18160422910634,0.03333333333333333
300,9,1,300001,ELO,111081.43800440205,73502.25310964098,325.3664804074625,0.6523552525309948,0.1517424580001716,1010,104.85124728493385,35355.81482558702,174.828448428936,0.023333333333333334
300,9,1,300001,LO,154546.08294930874,100359.80563682372,351.2912199619698,0.5078985060836192,0.14698086499993224,1010,104.85124728493385,35355.81482558702,174.828448428936,0.043333333333333335
300,9,1,300001,GA,185212.88014311268,119097.63335360322,343.32912878085,0.45579183847629345,0.10277445299993815,1010,104.85124728493385,35355.81482558702,174.828448428936,0.03
300,9,1,300001,P2C,145483.492296405,95182.33101627382,349.5915397253949,0.5291589905335394,0.0010380280000390485,0,104.85124728493385,35355.81482558702,174.828448428936,0.03
300,9,1,300001,SA,126418.92883345563,83635.43000496815,336.7322627606346,0.5887641959053402,0.093292682000083,1010,104.85124728493385,35355.81482558702,174.828448428936,0.03333333333333333
300,9,1,300001,Random,257076.92307692315,160714.82459568867,371.1855991123084,0.36482057932317113,0.00048669600005268876,0,104.85124728493385,35355.81482558702,174.828448428936,0.043333333333333335
300,9,2,300002,ELO,120528.29409334985,95105.52353011695,284.46576154971217,0.647270995380488,0.14887549400009448,1010,112.2857249906332,48781.93674462857,142.61599207045523,0.04
300,9,2,300002,LO,165344.22403733956,130101.48070138576,302.62354343134876,0.50710550080543,0.15016783200007922,1010,112.2857249906332,48781.93674462857,142.61599207045523,0.03333333333333333
300,9,2,300002,GA,227933.22734499205,174278.32114706765,328.12283610602424,0.401167107462178,0.1580941229999553,1010,112.2857249906332,48781.93674462857,142.61599207045523,0.02666666666666667
300,9,2,300002,P2C,146270.19498607243,117368.48901288988,307.3408473941853,0.5477726525128237,0.0010037550000561168,0,112.2857249906332,48781.93674462857,142.61599207045523,0.023333333333333334
300,9,2,300002,SA,155595.93908629444,123187.82414204635,294.55295064227647,0.5325617675606646,0.09976329899996017,1010,112.2857249906332,48781.93674462857,142.61599207045523,0.04
300,9,2,300002,Random,327737.5,239307.6941666167,332.52886536326986,0.32389995096546764,0.0005237469999883615,0,112.2857249906332,48781.93674462857,142.61599207045523,0.03
300,9,3,300003,ELO,114524.54991816697,92738.0383372753,303.96321611558244,0.7493918678777778,0.15120976599996538,1010,105.6973832301632,70694.97211635832,170.99529038741593,0.02666666666666667
300,9,3,300003,LO,146140.0165700083,115409.16315137985,298.417561401285,0.6360386008701759,0.14982370300003822,1010,105.6973832301632,70694.97211635832,170.99529038741593,0.03333333333333333
300,9,3,300003,GA,148587.06467661692,119450.02035153407,280.1006220663889,0.6374278774595484,0.10520939399998497,1010,105.6973832301632,70694.97211635832,170.99529038741593,0.02666666666666667
300,9,3,300003,P2C,129600.00000000001,104775.05185504683,294.3435598556798,0.690254847527541,0.001011947000051805,0,105.6973832301632,70694.97211635832,170.99529038741593,0.03
300,9,3,300003,SA,125120.82444918269,101979.88619139753,290.6680902140291,0.7086016278714147,0.09321056299995689,1010,105.6973832301632,70694.97211635832,170.99529038741593,0.023333333333333334
300,9,3,300003,Random,201350.2538071066,152841.79097970697,297.32889185369186,0.5202783103766655,0.0005531770000288816,0,105.6973832301632,70694.97211635832,170.99529038741593,0.023333333333333334
300,9,4,300004,ELO,115143.14516129033,90532.4776159954,319.5051236302677,0.6681541628509312,0.15161956299994017,1010,104.87646402677078,53019.88718140846,163.1017206677673,0.04
300,9,4,300004,LO,131085.49931600547,103287.08361405629,313.89401497376105,0.6100214633146216,0.16081643000006807,1010,104.87646402677078,53019.88718140846,163.1017206677673,0.03666666666666667
300,9,4,300004,GA,151232.85198555957,118206.3408771224,318.7307280733421,0.5502182763671728,0.11510415999987345,1010,104.87646402677078,53019.88718140846,163.1017206677673,0.03333333333333333
300,9,4,300004,P2C,119047.58250191863,94186.70175134955,317.5511186232295,0.6516073219220926,0.0011104489999524958,0,104.87646402677078,53019.88718140846,163.1017206677673,0.04
300,9,4,300004,SA,122908.60215053763,97637.51076162755,309.45946983076277,0.6401422653973361,0.10674000099993464,1010,104.87646402677078,53019.88718140846,163.1017206677673,0.03666666666666667
300,9,4,300004,Random,228283.39350180505,170455.95563311854,316.68855402117305,0.42731998345054045,0.0005287449998832017,0,104.87646402677078,53019.88718140846,163.1017206677673,0.03333333333333333
300,9,5,300005,ELO,132745.71708272153,99541.53135178752,375.0707622357606,0.6683600043940627,0.15710017800006426,1010,114.28446221265473,44425.28072417186,264.268298445477,0.04
300,9,5,300005,LO,159902.91262135922,119992.7682693494,416.7030562727791,0.5710162485536636,0.14938586699986445,1010,114.28446221265473,44425.28072417186,264.268298445477,0.04
300,9,5,300005,GA,207613.03744798887,151857.80230634415,424.26839106885643,0.48667043637984464,0.1042022840001664,1010,114.28446221265473,44425.28072417186,264.268298445477,0.05333333333333334
300,9,5,300005,P2C,154637.07165109031,116884.71109007792,421.71391098266776,0.5799083015465575,0.0009875870000541909,0,114.28446221265473,44425.28072417186,264.268298445477,0.04
300,9,5,300005,SA,137233.96501457723,104458.81964488815,404.278896668155,0.6351267889805106,0.09705716300004497,1010,114.28446221265473,44425.28072417186,264.268298445477,0.043333333333333335
300,9,5,300005,Random,337752.3105360444,238363.53949447448,437.6369186840588,0.37430066358553243,0.0006339669998851605,0,114.28446221265473,44425.28072417186,264.268298445477,0.03
300,9,6,300006,ELO,131400.21739130438,87117.26681327286,381.3026206261208,0.6823468618882989,0.16859690299997965,1010,119.5856235107228,49692.49608149736,217.31824913837627,0.04666666666666667
300,9,6,300006,LO,185651.49359886206,119292.24880562763,426.3777376488373,0.5223930402494411,0.14646324399996047,1010,119.5856235107228,49692.49608149736,217.31824913837627,0.03333333333333333
300,9,6,300006,GA,220044.51510333864,137805.8050434157,432.8794619226966,0.4676151898174211,0.11142213499988429,1010,119.5856235107228,49692.49608149736,217.31824913837627,0.043333333333333335
300,9,6,300006,P2C,159618.5567010309,104437.97515519882,415.71441904678557,0.5815200230417656,0.0010864309999760735,0,119.5856235107228,49692.49608149736,217.31824913837627,0.03
300,9,6,300006,SA,174461.8155619596,111430.22945522172,389.893622483803,0.5617583685278871,0.09571526100012306,1010,119.5856235107228,49692.49608149736,217.31824913837627,0.03
300,9,6,300006,Random,372441.62436548225,218962.57504071356,497.0362334265463,0.32740488512685495,0.000581632000148602,0,119.5856235107228,49692.49608149736,217.31824913837627,0.023333333333333334
300,9,7,300007,ELO,136774.3950039032,98632.47055913093,337.8850965351975,0.6342085436079341,0.15660343300010027,1010,120.57422879177378,47899.30840180718,182.4370176644134,0.043333333333333335
300,9,7,300007,LO,194761.36363636362,138037.7282727327,379.32008381130703,0.4809953747657004,0.1564186509999672,1010,120.57422879177378,47899.30840180718,182.4370176644134,0.03333333333333333
300,9,7,300007,GA,215823.5294117647,151263.5065504139,390.4487709278533,0.44621846908096696,0.10938568999995368,1010,120.57422879177378,47899.30840180718,182.4370176644134,0.03
300,9,7,300007,P2C,164385.35911602213,119125.44592883976,366.8054600695331,0.5428923558289777,0.0010816660001182754,0,120.57422879177378,47899.30840180718,182.4370176644134,0.04
300,9,7,300007,SA,162496.11542730295,117812.17075114355,348.0913025301432,0.556054525576161,0.09959835299991937,1010,120.57422879177378,47899.30840180718,182.4370176644134,0.03333333333333333
300,9,7,300007,Random,323637.28813559323,219458.4700777469,425.36674372935477,0.33868843242895497,0.0006081460001041705,0,120.57422879177378,47899.30840180718,182.4370176644134,0.03
300,9,8,300008,ELO,116205.5380459252,93490.61827377,327.99604068075564,0.6806747898046578,0.21905847399989398,1010,105.07703651685394,50206.63151512476,198.47693623149047,0.05
300,9,8,300008,LO,142009.35828877008,110466.48807119759,339.2351092836477,0.5917795619562118,0.15131265400009397,1010,105.07703651685394,50206.63151512476,198.47693623149047,0.043333333333333335
300,9,8,300008,GA,182405.61896400352,139070.4056497141,355.68928441139786,0.4969881880737488,0.104168528999935,1010,105.07703651685394,50206.63151512476,198.47693623149047,0.04
300,9,8,300008,P2C,133512.04188481675,104799.33494138852,338.0188006194405,0.6163711850594098,0.0010672060000160855,0,105.07703651685394,50206.63151512476,198.47693623149047,0.05
300,9,8,300008,SA,124050.13368983955,98327.15001178629,325.7225954375573,0.6542175583747041,0.13617743800000426,1010,105.07703651685394,50206.63151512476,198.47693623149047,0.03666666666666667
300,9,8,300008,Random,246694.3396226415,184968.37870504995,367.19328648487704,0.41122074446028456,0.0005215989999669546,0,105.07703651685394,50206.63151512476,198.47693623149047,0.03666666666666667
300,9,9,300009,ELO,150449.72067039102,118957.54860098565,393.97765891209826,0.5742508963414629,0.151162228999965,1010,120.54314281215557,54943.59897081762,182.43668472724443,0.023333333333333334
300,9,9,300009,LO,174641.88351920692,137864.0144569127,406.7593895402224,0.5112869902793707,0.15112494200002402,1010,120.54314281215557,54943.59897081762,182.43668472724443,0.02666666666666667
300,9,9,300009,GA,236743.01675977657,184563.99314763836,394.25906174782676,0.42194494267761407,0.1041649779999716,1010,120.54314281215557,54943.59897081762,182.43668472724443,0.02
300,9,9,300009,P2C,147254.12541254124,118641.84744370676,402.12394545524046,0.5773109524710626,0.0011551760001111688,0,120.54314281215557,54943.59897081762,182.43668472724443,0.02666666666666667
300,9,9,300009,SA,153166.39610389608,123154.45546087073,387.4654500018783,0.5667779878258998,0.1248454250001032,1010,120.54314281215557,54943.59897081762,182.43668472724443,0.023333333333333334
300,9,9,300009,Random,275006.600660066,210431.79920092216,438.82225542293077,0.37061680876911895,0.0004927519999000651,0,120.54314281215557,54943.59897081762,182.43668472724443,0.04
300,9,10,300010,ELO,148005.3346265761,101223.47177224274,398.6436738561158,0.5944150141663036,0.1465810090001014,1010,129.04660474055092,42001.04202472086,200.05731598779212,0.02666666666666667
300,9,10,300010,LO,205869.56521739133,139182.09831213192,418.098175744853,0.46736096709699165,0.15514699699997436,1010,129.04660474055092,42001.04202472086,200.05731598779212,0.02
300,9,10,300010,GA,217063.54515050165,146073.57565738974,440.62497120570913,0.44378008745767367,0.1357742220000091,1010,129.04660474055092,42001.04202472086,200.05731598779212,0.03666666666666667
300,9,10,300010,P2C,181744.14715719066,123479.54629961078,419.0244876318545,0.5075183844135833,0.0010491939999610622,0,129.04660474055092,42001.04202472086,200.05731598779212,0.016666666666666666
300,9,10,300010,SA,182853.96039603956,123263.95046581962,405.5133361628017,0.5115479904350309,0.0952688570000646,1010,129.04660474055092,42001.04202472086,200.05731598779212,0.016666666666666666
300,9,10,300010,Random,307561.26482213434,201109.47566199733,454.4017857074076,0.3547568494443545,0.000530109999999695,0,129.04660474055092,42001.04202472086,200.05731598779212,0.02
300,9,11,300011,ELO,133419.42604856513,108288.44688944927,365.0675626849479,0.6256935695542507,0.1476126679999652,1010,123.03138315306457,58455.2273641761,152.50073175299892,0.02666666666666667
300,9,11,300011,LO,180617.86600496277,148661.34341882024,437.6239544294113,0.47347411000652356,0.1448896220001643,1010,123.03138315306457,58455.2273641761,152.50073175299892,0.016666666666666666
300,9,11,300011,GA,199647.3282442748,164367.8650390396,455.879994943355,0.43466824407029564,0.10595875600006366,1010,123.03138315306457,58455.2273641761,152.50073175299892,0.023333333333333334
300,9,11,300011,P2C,177374.8055987558,145716.7120192205,430.0579828919435,0.4823087727549747,0.000999134000039703,0,123.03138315306457,58455.2273641761,152.50073175299892,0.02
300,9,11,300011,SA,170519.08396946563,140787.49793981097,419.24343058543445,0.4993054661539035,0.0916492459998608,1010,123.03138315306457,58455.2273641761,152.50073175299892,0.016666666666666666
300,9,11,300011,Random,252745.0381679389,200604.8528862506,476.2910849639362,0.3653725434264078,0.0005254239999885613,0,123.03138315306457,58455.2273641761,152.50073175299892,0.023333333333333334
300,9,12,300012,ELO,144961.03896103892,102297.0462821081,341.7890257051957,0.5833735021582317,0.1549896820001777,1010,112.97432530999271,54214.19921257294,151.21696175124413,0.03666666666666667
300,9,12,300012,LO,152884.85947416144,106750.10790790875,337.9106675267135,0.5642032034947603,0.15718316500010587,1010,112.97432530999271,54214.19921257294,151.21696175124413,0.03333333333333333
300,9,12,300012,GA,157978.64321608038,110303.95059898974,346.75243260837846,0.5470116508767031,0.1869456709998758,1010,112.97432530999271,54214.19921257294,151.21696175124413,0.03
300,9,12,300012,P2C,136066.20477290225,97135.24947675917,338.46976111408696,0.6111930110843522,0.0010070360001463996,0,112.97432530999271,54214.19921257294,151.21696175124413,0.02666666666666667
300,9,12,300012,SA,127880.67744418785,92110.53362117219,328.41364005971025,0.6435974910677893,0.09095260100002633,1010,112.97432530999271,54214.19921257294,151.21696175124413,0.03
300,9,12,300012,Random,187371.8592964824,126780.26388082563,355.9686911344109,0.4845480814955597,0.000496075999990353,0,112.97432530999271,54214.19921257294,151.21696175124413,0.02666666666666667
300,9,13,300013,ELO,175409.74729241876,127637.78420188757,437.9707060206966,0.623765857169202,0.1470346509997853,1010,151.51336791699921,91184.05754578281,127.18050789772539,0.016666666666666666
300,9,13,300013,LO,244363.79310344823,163058.39402405627,480.41448642697657,0.4821034777686981,0.145075825000049,1010,151.51336791699921,91184.05754578281,127.18050789772539,0.02666666666666667
300,9,13,300013,GA,243462.0689655172,162988.2942805094,444.7102110487943,0.48995701080279963,0.10994201299990891,1010,151.51336791699921,91184.05754578281,127.18050789772539,0.03
300,9,13,300013,P2C,190341.33333333337,134282.7335775623,449.5401637425282,0.5869193950679965,0.00141486199981955,0,151.51336791699921,91184.05754578281,127.18050789772539,0.03666666666666667
300,9,13,300013,SA,196184.48275862072,137033.55996699497,436.01719259950755,0.5773566155964857,0.10857080199980373,1010,151.51336791699921,91184.05754578281,127.18050789772539,0.03
300,9,13,300013,Random,291117.32851985557,188651.02611897895,482.6282197697151,0.42304873645252167,0.0005427930000223569,0,151.51336791699921,91184.05754578281,127.18050789772539,0.03333333333333333
300,9,14,300014,ELO,145942.93535481152,100635.89830935218,380.6020775420268,0.5265634422678938,0.1645414739998614,1010,121.97814910025707,35876.847737786054,149.40488166396594,0.023333333333333334
300,9,14,300014,LO,187076.81755829905,132733.11666139035,393.61815756572366,0.43232428927130134,0.15616245199998957,1010,121.97814910025707,35876.847737786054,149.40488166396594,0.02666666666666667
300,9,14,300014,GA,226871.05624142665,158081.7814436677,424.0557339132378,0.3708560679200292,0.11032380999995439,1010,121.97814910025707,35876.847737786054,149.40488166396594,0.03333333333333333
300,9,14,300014,P2C,161954.9718574109,118014.28749068422,399.5093556770829,0.4753149472674353,0.0010503809999136138,0,121.97814910025707,35876.847737786054,149.40488166396594,0.02666666666666667
300,9,14,300014,SA,179013.5396518375,127817.79909560135,379.84926293029844,0.45009046266071584,0.09559507099993425,1010,121.97814910025707,35876.847737786054,149.40488166396594,0.02
300,9,14,300014,Random,319588.990825688,215104.86593950595,490.40761981173546,0.28319554071643394,0.0006024389999765845,0,121.97814910025707,35876.847737786054,149.40488166396594,0.03
300,9,15,300015,ELO,134321.07279693487,108541.54022042706,395.55410734766895,0.6962202061620327,0.17186878300003627,1010,118.73989937490471,56323.48821918235,273.3758494193378,0.06
300,9,15,300015,LO,157062.7240143369,124221.08777352997,405.6242425091524,0.6260494026019043,0.14758062900000368,1010,118.73989937490471,56323.48821918235,273.3758494193378,0.05
300,9,15,300015,GA,167920.91571279918,132072.35688013243,408.9413071144082,0.5989489639701002,0.10639561599987246,1010,118.73989937490471,56323.48821918235,273.3758494193378,0.05
300,9,15,300015,P2C,144925.4598257502,117502.83889537101,408.53818321098294,0.6541708300782854,0.0010713149999901361,0,118.73989937490471,56323.48821918235,273.3758494193378,0.06333333333333334
300,9,15,300015,SA,155698.31546707504,122789.0116970097,396.3150368556864,0.6352578318093056,0.09532094299993332,1010,118.73989937490471,56323.48821918235,273.3758494193378,0.06666666666666667
300,9,15,300015,Random,356403.2258064515,255127.81077534938,451.92348016519924,0.3846260758306559,0.0005063520000021526,0,118.73989937490471,56323.48821918235,273.3758494193378,0.07
300,9,16,300016,ELO,118241.65707710011,91407.26300177108,385.96425718731194,0.5989139134322822,0.14975215799995567,1010,113.42625379657753,40539.14087515447,153.8747364338825,0.03666666666666667
300,9,16,300016,LO,144233.00970873787,110726.84055788413,384.70363378257287,0.5159897534757638,0.14632170799995947,1010,113.42625379657753,40539.14087515447,153.8747364338825,0.03666666666666667
300,9,16,300016,GA,180473.35423197492,135917.5382672556,405.8384613453639,0.43393243718703145,0.10231370399992556,1010,113.42625379657753,40539.14087515447,153.8747364338825,0.03333333333333333
300,9,16,300016,P2C,142684.47412353926,108986.1913523014,393.31713688945246,0.5179037213061402,0.0010094799999933457,0,113.42625379657753,40539.14087515447,153.8747364338825,0.043333333333333335
300,9,16,300016,SA,144597.08737864078,111191.42633578193,380.53796261012224,0.5162611300031926,0.09173342400004003,1010,113.42625379657753,40539.14087515447,153.8747364338825,0.04
300,9,16,300016,Random,294631.06796116504,212849.3285080374,415.6509122008129,0.3139652705759146,0.0004933430000164662,0,113.42625379657753,40539.14087515447,153.8747364338825,0.04
300,9,17,300017,ELO,119302.5089605735,83691.64305112792,296.8921347266557,0.6749242222613364,0.14931778200002555,1010,104.94817936847923,35695.11724521256,215.57683976788792,0.05
300,9,17,300017,LO,146173.35766423357,102706.41269116549,340.9244186507279,0.5637646669669818,0.15368380800009618,1010,104.94817936847923,35695.11724521256,215.57683976788792,0.04
300,9,17,300017,GA,160680.5429864253,112648.65888221283,357.95329365978,0.5220170711380948,0.10292460100004064,1010,104.94817936847923,35695.11724521256,215.57683976788792,0.04
300,9,17,300017,P2C,143366.43356643358,101321.77450030111,343.60314303454373,0.5683914857162695,0.001005236000082732,0,104.94817936847923,35695.11724521256,215.57683976788792,0.03333333333333333
300,9,17,300017,SA,135451.64233576646,95774.55314682829,333.8138585965001,0.5955162446599702,0.09339875400019082,1010,104.94817936847923,35695.11724521256,215.57683976788792,0.04
300,9,17,300017,Random,269889.04494382016,181953.23274616824,395.5324980662601,0.37488275784123487,0.0005523709999124549,0,104.94817936847923,35695.11724521256,215.57683976788792,0.03333333333333333
300,9,18,300018,ELO,182948.07692307688,138799.0445636001,409.8519246944111,0.4802080836076579,0.14425323700015724,1010,129.60783659858274,56722.891643144976,133.48154414611562,0.03
300,9,18,300018,LO,183391.5525114155,139362.77746300428,400.51435682550795,0.48158636297515345,0.14835796800002754,1010,129.60783659858274,56722.891643144976,133.48154414611562,0.03
300,9,18,300018,GA,266088.00000000006,194189.81979681127,431.4852664040027,0.3621392856941168,0.10325708599998507,1010,129.60783659858274,56722.891643144976,133.48154414611562,0.03666666666666667
300,9,18,300018,P2C,171230.76923076922,132079.43896732986,409.46570802689314,0.503376393859111,0.0009964979999494972,0,129.60783659858274,56722.891643144976,133.48154414611562,0.03333333333333333
300,9,18,300018,SA,171205.47945205483,131212.87040673764,382.5226183475818,0.511954812428147,0.09373025900003995,1010,129.60783659858274,56722.891643144976,133.48154414611562,0.023333333333333334
300,9,18,300018,Random,297299.2,215220.6355536597,450.4746873805492,0.3312564546386758,0.000523765000025378,0,129.60783659858274,56722.891643144976,133.48154414611562,0.023333333333333334
300,9,19,300019,ELO,128841.26984126985,108606.47414491662,336.932573176616,0.6993080123383896,0.14578267699994285,1010,114.41415058645478,72787.75171043535,182.14067121855783,0.04
300,9,19,300019,LO,142945.19015659956,120611.25477490627,331.17046065772445,0.6508176075021765,0.14948178600002393,1010,114.41415058645478,72787.75171043535,182.14067121855783,0.02666666666666667
300,9,19,300019,GA,172737.5231053604,145198.00445933544,327.83967723904397,0.5723611557285265,0.10324141699993561,1010,114.41415058645478,72787.75171043535,182.14067121855783,0.02666666666666667
300,9,19,300019,P2C,132190.01490312963,113160.61475168404,326.64812532398867,0.6883304581213834,0.0010903560000770085,0,114.41415058645478,72787.75171043535,182.14067121855783,0.03
300,9,19,300019,SA,141528.75175315567,121342.07578964737,319.4881739453274,0.6588618417909815,0.09583076699982485,1010,114.41415058645478,72787.75171043535,182.14067121855783,0.05333333333333334
300,9,19,300019,Random,242192.67299864307,196948.72350393987,353.07637972828616,0.4517877289711666,0.0005299049998939154,0,114.41415058645478,72787.75171043535,182.14067121855783,0.02666666666666667
300,9,20,300020,ELO,125666.40440597959,85048.95152532302,338.72707295579136,0.565322447479202,0.14797812500000873,1010,109.8572212639172,35596.578755119685,138.0908194511737,0.03666666666666667
300,9,20,300020,LO,153108.84353741503,101473.29448504673,369.406820244031,0.4794095083892171,0.1449104289999923,1010,109.8572212639172,35596.578755119685,138.0908194511737,0.043333333333333335
300,9,20,300020,GA,225129.9638989169,142403.21142475645,382.9164262425057,0.3650284393139813,0.10214398299990535,1010,109.8572212639172,35596.578755119685,138.0908194511737,0.03666666666666667
300,9,20,300020,P2C,148916.09977324263,98522.79236385653,363.4087415892585,0.49168394657806236,0.0011720949999016739,0,109.8572212639172,35596.578755119685,138.0908194511737,0.03666666666666667
300,9,20,300020,SA,135457.90715971676,90378.18164874558,350.6926235870909,0.5314881183728373,0.0989699719998498,1010,109.8572212639172,35596.578755119685,138.0908194511737,0.04
300,9,20,300020,Random,275821.2996389892,172907.2648269369,402.6805757672743,0.31459878791684026,0.0005329180000899214,0,109.8572212639172,35596.578755119685,138.0908194511737,0.043333333333333335
300,9,21,300021,ELO,134808.91238670694,110377.6370049676,365.8031003269769,0.6710814031074575,0.14391326500003743,1010,113.06778782041783,71027.48413370458,194.55550898197416,0.03333333333333333
300,9,21,300021,LO,162752.10970464133,134483.52564729872,384.97882027530216,0.5756009668085463,0.142006007999953,1010,113.06778782041783,71027.48413370458,194.55550898197416,0.03666666666666667
300,9,21,300021,GA,167982.5870646766,139511.4787670266,381.9227843125959,0.5633252937582682,0.10087045699992814,1010,113.06778782041783,71027.48413370458,194.55550898197416,0.03666666666666667
300,9,21,300021,P2C,141206.19335347431,120948.34830629443,379.34705045378723,0.6331538295116913,0.00104087900012928,0,113.06778782041783,71027.48413370458,194.55550898197416,0.03666666666666667
300,9,21,300021,SA,149655.58912386704,126883.13989142187,368.8576183523117,0.6137089388143081,0.09143513100002565,1010,113.06778782041783,71027.48413370458,194.55550898197416,0.03666666666666667
300,9,21,300021,Random,353568.69565217395,266938.41068752867,431.57500686700115,0.34476374671548515,0.0005306360001213761,0,113.06778782041783,71027.48413370458,194.55550898197416,0.03
300,9,22,300022,ELO,122300.81300813006,86652.40648279095,375.84676068502944,0.6062651028527872,0.14954324799987262,1010,111.17615012106538,48302.170397161055,132.97922689612503,0.03666666666666667
300,9,22,300022,LO,159829.12621359222,105649.23739687254,398.4846880047934,0.4951168754539973,0.1478881589998764,1010,111.17615012106538,48302.170397161055,132.97922689612503,0.02666666666666667
300,9,22,300022,GA,209634.9514563107,132070.88893287283,393.8134098276922,0.4107888162656687,0.10172140899999249,1010,111.17615012106538,48302.170397161055,132.97922689612503,0.03666666666666667
300,9,22,300022,P2C,138417.19242902208,95108.20427062856,372.48119979779295,0.5555420127461567,0.0010094230001413962,0,111.17615012106538,48302.170397161055,132.97922689612503,0.043333333333333335
300,9,22,300022,SA,143742.39713774598,97538.27377905059,356.10742888977944,0.5468375871509573,0.09177432699993915,1010,111.17615012106538,48302.170397161055,132.97922689612503,0.03666666666666667
300,9,22,300022,Random,267157.4239713774,161204.87256603644,440.9887985050311,0.33871349618180224,0.0005117489999975078,0,111.17615012106538,48302.170397161055,132.97922689612503,0.016666666666666666
300,9,23,300023,ELO,138903.38860850758,108305.22663364423,313.4820343262521,0.6184133421573188,0.14537933899987365,1010,115.26874620522162,58466.668296111406,152.96059599986094,0.03666666666666667
300,9,23,300023,LO,134053.37078651684,104389.60958153878,309.8772127262473,0.6370789590666612,0.14377342100010537,1010,115.26874620522162,58466.668296111406,152.96059599986094,0.03666666666666667
300,9,23,300023,GA,164903.51758793966,125758.15795698008,305.49565054222137,0.5539728115721383,0.10269028200013963,1010,115.26874620522162,58466.668296111406,152.96059599986094,0.016666666666666666
300,9,23,300023,P2C,136330.65326633165,106681.81442461644,315.5348592363604,0.6253267026684872,0.0010452689998601272,0,115.26874620522162,58466.668296111406,152.96059599986094,0.03666666666666667
300,9,23,300023,SA,142824.08074981975,111258.36364103397,296.1254683977848,0.6154617996441134,0.09034067299990056,1010,115.26874620522162,58466.668296111406,152.96059599986094,0.03
300,9,23,300023,Random,351790.69767441857,243178.47391182114,315.93524290634775,0.34964399272108426,0.0005119960001138679,0,115.26874620522162,58466.668296111406,152.96059599986094,0.03666666666666667
300,9,24,300024,ELO,155444.35284418796,118036.0781259112,378.75605061074316,0.6215052645727103,0.14865905999999995,1010,132.67569914886226,60895.668525971036,188.72774307060195,0.03
300,9,24,300024,LO,182423.61111111112,135222.76976979384,356.94023467920624,0.5676048378471652,0.1449455769998167,1010,132.67569914886226,60895.668525971036,188.72774307060195,0.03666666666666667
300,9,24,300024,GA,201893.51851851854,149491.6666256857,385.99030622915865,0.5167128909859924,0.10205913499999042,1010,132.67569914886226,60895.668525971036,188.72774307060195,0.023333333333333334
300,9,24,300024,P2C,148842.02211690362,114354.43926080348,379.2143079475337,0.6394478457268431,0.0010119329999724869,0,132.67569914886226,60895.668525971036,188.72774307060195,0.03
300,9,24,300024,SA,160421.2695795548,121153.22914160806,362.9224206811063,0.6154277679741195,0.09085546699998304,1010,132.67569914886226,60895.668525971036,188.72774307060195,0.03
300,9,24,300024,Random,316932.6047358834,223854.8067389722,407.79913061280666,0.38335953400665046,0.0004986339999959455,0,132.67569914886226,60895.668525971036,188.72774307060195,0.03
300,9,25,300025,ELO,147474.52692867542,98666.11933081271,411.0118967151417,0.5726974109749119,0.14389869499996166,1010,123.63328988729587,57758.14015781722,120.8297855827958,0.01
300,9,25,300025,LO,164799.48586118253,108785.53253236393,407.29550642983986,0.525984640833904,0.14091800000005605,1010,123.63328988729587,57758.14015781722,120.8297855827958,0.016666666666666666
300,9,25,300025,GA,175415.1670951157,114320.95388839902,394.6884614446919,0.5053888623910494,0.10255823400007102,1010,123.63328988729587,57758.14015781722,120.8297855827958,0.016666666666666666
300,9,25,300025,P2C,132088.57808857807,90705.36862332866,393.38813118635403,0.6267365858971887,0.0009989919999497943,0,123.63328988729587,57758.14015781722,120.8297855827958,0.016666666666666666
300,9,25,300025,SA,144319.4933145672,97758.05581546709,385.3017425540406,0.5870676674009794,0.09112682699992547,1010,123.63328988729587,57758.14015781722,120.8297855827958,0.01
300,9,25,300025,Random,276641.92139737983,171105.50276347707,422.63372398004924,0.35659540627152325,0.0005143969999608089,0,123.63328988729587,57758.14015781722,120.8297855827958,0.023333333333333334
300,9,26,300026,ELO,143785.49848942595,117630.43048691677,408.5386127498812,0.5939631616753461,0.14555786400001125,1010,124.66255275101521,62010.993051351106,159.22464613576796,0.03333333333333333
300,9,26,300026,LO,189465.1539708266,150053.90064266275,432.5690855599711,0.4791080715931477,0.14370188900011271,1010,124.66255275101521,62010.993051351106,159.22464613576796,0.03
300,9,26,300026,GA,212705.77617328524,167697.51156009932,439.06849655422707,0.43880297009553065,0.10287228000015602,1010,124.66255275101521,62010.993051351106,159.22464613576796,0.03
300,9,26,300026,P2C,150148.40182648398,123559.38070011095,406.6015933032355,0.5738505909436835,0.0010558050000781805,0,124.66255275101521,62010.993051351106,159.22464613576796,0.03333333333333333
300,9,26,300026,SA,156821.50537634405,127802.59656070263,403.6081742266208,0.5574849319537185,0.09468711600015922,1010,124.66255275101521,62010.993051351106,159.22464613576796,0.043333333333333335
300,9,26,300026,Random,293405.18638573744,224397.91586770912,497.1923029092185,0.3398496602750091,0.0005390020000959339,0,124.66255275101521,62010.993051351106,159.22464613576796,0.023333333333333334
300,9,27,300027,ELO,141098.25033647372,112586.40224104493,471.24603009499697,0.6249794528383157,0.14883043199984058,1010,126.45179725028989,46808.746906672524,268.29128478265784,0.043333333333333335
300,9,27,300027,LO,163744.1217150761,128821.62214201699,488.35652933496306,0.559680058814226,0.14338583000017024,1010,126.45179725028989,46808.746906672524,268.29128478265784,0.043333333333333335
300,9,27,300027,GA,220275.86206896554,168683.7748536025,510.2339259377682,0.457308789452481,0.10114269699988654,1010,126.45179725028989,46808.746906672524,268.29128478265784,0.03666666666666667
300,9,27,300027,P2C,162985.0074962519,129802.13015432609,488.77328055537197,0.5597792044102279,0.0010018340001352044,0,126.45179725028989,46808.746906672524,268.29128478265784,0.04
300,9,27,300027,SA,147148.3704974271,117878.555397284,475.13171962062245,0.604936932917723,0.0915306800000053,1010,126.45179725028989,46808.746906672524,268.29128478265784,0.03333333333333333
300,9,27,300027,Random,232317.84107946025,177173.31509374667,508.9507740417493,0.44340597752342403,0.0006298779999269755,0,126.45179725028989,46808.746906672524,268.29128478265784,0.023333333333333334
300,9,28,300028,ELO,109236.84210526313,95503.1271275756,368.0232144166625,0.6517924185047996,0.1469007599998804,1010,106.19914070891514,47890.61665746724,178.96427740156903,0.03666666666666667
300,9,28,300028,LO,131963.29526916804,109629.37022066576,362.6426283421408,0.5769528060889477,0.14536951600007342,1010,106.19914070891514,47890.61665746724,178.96427740156903,0.043333333333333335
300,9,28,300028,GA,159186.12716763004,128534.79521103337,375.92520656194125,0.5039367258424541,0.10214789599990581,1010,106.19914070891514,47890.61665746724,178.96427740156903,0.02666666666666667
300,9,28,300028,P2C,121424.28471737614,103212.17881131853,366.2260780542385,0.6076441397175188,0.0010582759998669644,0,106.19914070891514,47890.61665746724,178.96427740156903,0.03666666666666667
300,9,28,300028,SA,128234.0093603744,107118.65867074087,361.21738655080713,0.5887999425893862,0.09268043000020043,1010,106.19914070891514,47890.61665746724,178.96427740156903,0.05333333333333334
300,9,28,300028,Random,186108.6705202312,146068.6239564172,381.3829126238953,0.45463430844149455,0.00048754999988886993,0,106.19914070891514,47890.61665746724,178.96427740156903,0.03333333333333333
300,9,29,300029,ELO,136400.0,97728.34735262624,380.35627167189364,0.6690902446763642,0.14495551499999237,1010,120.97329168293635,53452.84067235975,219.51029982084563,0.03333333333333333
300,9,29,300029,LO,151968.72493985563,106054.84490827726,381.35492434060524,0.6240073590607346,0.14512209700001222,1010,120.97329168293635,53452.84067235975,219.51029982084563,0.03
300,9,29,300029,GA,161833.75634517768,109941.76791172646,379.5527150042422,0.6028376097248567,0.10242505399992297,1010,120.97329168293635,53452.84067235975,219.51029982084563,0.04
300,9,29,300029,P2C,140085.8468677494,99044.9235989754,379.6867684357364,0.6592533617323106,0.0010723790001065936,0,120.97329168293635,53452.84067235975,219.51029982084563,0.03666666666666667
300,9,29,300029,SA,145206.09462710508,101056.22230838757,373.1394257548434,0.648900163112434,0.09126468599993132,1010,120.97329168293635,53452.84067235975,219.51029982084563,0.03
300,9,29,300029,Random,178661.00254885305,120043.1768695674,393.32331127730487,0.559011914834263,0.0005280410000523261,0,120.97329168293635,53452.84067235975,219.51029982084563,0.03666666666666667
400,9,0,400000,ELO,180740.45801526716,130075.72056035913,438.23437899366184,0.6699872452816047,0.18984305599997242,1010,152.7072583152005,84016.22593091773,227.83415145154314,0.035
400,9,0,400000,LO,235536.58536585368,159625.77694599621,457.140466588481,0.5573731258549265,0.1881588850001208,1010,152.7072583152005,84016.22593091773,227.83415145154314,0.035
400,9,0,400000,GA,248134.8600508906,167463.77263730715,447.466711254286,0.54169030399483,0.13785769199989772,1010,152.7072583152005,84016.22593091773,227.83415145154314,0.035
400,9,0,400000,P2C,188443.9024390244,134006.54861734202,441.92152179352115,0.6507162599518281,0.0013399229999322415,0,152.7072583152005,84016.22593091773,227.83415145154314,0.035
400,9,0,400000,SA,189693.2006633499,134864.27652751585,415.495841563632,0.6584198497996189,0.12398081800006366,1010,152.7072583152005,84016.22593091773,227.83415145154314,0.0375
400,9,0,400000,Random,331338.52691218135,213558.56417604687,479.5940668277573,0.44261855628814617,0.0006872559999919758,0,152.7072583152005,84016.22593091773,227.83415145154314,0.0425
400,9,1,400001,ELO,216276.220145379,159246.2428604538,557.0185402446118,0.5212759799713925,0.1933917559999827,1010,158.253542074364,58963.00709471934,259.80538078395864,0.03
400,9,1,400001,LO,211545.89371980674,155032.45867969378,557.3562168537105,0.5300037996205653,0.18843781400005355,1010,158.253542074364,58963.00709471934,259.80538078395864,0.0325
400,9,1,400001,GA,272285.71428571426,194023.98571651155,585.8712582005072,0.44146070349054334,0.15211704900002587,1010,158.253542074364,58963.00709471934,259.80538078395864,0.0275
400,9,1,400001,P2C,188342.9951690821,139701.97666058625,549.5458841454765,0.5767929855035735,0.0013874650001071132,0,158.253542074364,58963.00709471934,259.80538078395864,0.025
400,9,1,400001,SA,188390.82819986308,137999.23581455494,530.9479784918178,0.5839579621514972,0.12829378399987945,1010,158.253542074364,58963.00709471934,259.80538078395864,0.03
400,9,1,400001,Random,425698.8727858292,289489.53613121354,612.9327592827905,0.33180637535817403,0.0007641130000592966,0,158.253542074364,58963.00709471934,259.80538078395864,0.0175
400,9,2,400002,ELO,185544.57652303114,132371.913843843,435.15351904384727,0.7200785230082016,0.19654758499996206,1010,172.7976917286945,86002.11595285712,252.98409284958646,0.035
400,9,2,400002,LO,252261.69844020793,175944.74838675017,433.910152651697,0.5846415757564752,0.19125858899997183,1010,172.7976917286945,86002.11595285712,252.98409284958646,0.03
400,9,2,400002,GA,312272.0970537262,214685.033120641,436.1547776492029,0.5102212504989504,0.1429442520000066,1010,172.7976917286945,86002.11595285712,252.98409284958646,0.0275
400,9,2,400002,P2C,213601.38248847928,152275.80190227786,434.5219521102571,0.6511158364370626,0.0014375470000231871,0,172.7976917286945,86002.11595285712,252.98409284958646,0.03
400,9,2,400002,SA,219089.26553672305,156231.49565986297,426.84660738296145,0.6430216630896765,0.12970207500006836,1010,172.7976917286945,86002.11595285712,252.98409284958646,0.025
400,9,2,400002,Random,341153.8461538462,231037.53511456712,430.39039099768985,0.48768527379843707,0.0006777479998163471,0,172.7976917286945,86002.11595285712,252.98409284958646,0.025
400,9,3,400003,ELO,182817.7737881508,155696.9077006128,492.3779436832382,0.661403410506197,0.193448392999926,1010,168.94232331437854,70555.33543127791,301.9557814146045,0.02
400,9,3,400003,LO,246212.58907363424,204835.73429133868,514.8410796860709,0.5370926659574335,0.19065053099984652,1010,168.94232331437854,70555.33543127791,301.9557814146045,0.0175
400,9,3,400003,GA,300384.7019122609,248949.3691138566,526.3377594344249,0.47127713974029295,0.14014168399990012,1010,168.94232331437854,70555.33543127791,301.9557814146045,0.0275
400,9,3,400003,P2C,226380.5104408352,192122.65320866043,519.5859224207181,0.5629115268480676,0.0013026729998273368,0,168.94232331437854,70555.33543127791,301.9557814146045,0.02
400,9,3,400003,SA,239544.03669724765,201390.99957857275,505.8620293474198,0.5488348765489401,0.12611733499988986,1010,168.94232331437854,70555.33543127791,301.9557814146045,0.0175
400,9,3,400003,Random,303770.7838479811,248160.18936123105,554.5210570665715,0.45989271505361595,0.0006983999999192747,0,168.94232331437854,70555.33543127791,301.9557814146045,0.0325
400,9,4,400004,ELO,161614.78599221792,118018.30156300779,441.40885176915265,0.6218218663989192,0.19234143499988932,1010,148.8095605242868,67141.94118831163,166.58359253317866,0.0275
400,9,4,400004,LO,199573.9726027397,140336.89313835098,434.087223047232,0.5353669686196713,0.19352976200002558,1010,148.8095605242868,67141.94118831163,166.58359253317866,0.0275
400,9,4,400004,GA,262330.0124533001,179490.3875748153,445.4148435304222,0.43779869075678646,0.1496431460000167,1010,148.8095605242868,67141.94118831163,166.58359253317866,0.025
400,9,4,400004,P2C,175649.35064935064,126626.81056838133,430.8795557240835,0.5874370167288474,0.0013080750002245622,0,148.8095605242868,67141.94118831163,166.58359253317866,0.025
400,9,4,400004,SA,191189.10505836573,135688.81364335085,424.29700092007783,0.5546525987043793,0.1959238090000781,1010,148.8095605242868,67141.94118831163,166.58359253317866,0.0175
400,9,4,400004,Random,322578.5234899329,216276.65092780965,442.6509486704339,0.38197384887402985,0.0007254939998802001,0,148.8095605242868,67141.94118831163,166.58359253317866,0.0225
400,9,5,400005,ELO,203369.5652173913,159380.85138142202,537.4182929983442,0.5212489692103185,0.19180278700014242,1010,153.98454203987288,64109.565462096514,219.2375158824773,0.0075
400,9,5,400005,LO,199540.64272211716,156439.02430323462,539.7874939397607,0.528024474337947,0.19189588800009005,1010,153.98454203987288,64109.565462096514,219.2375158824773,0.0225
400,9,5,400005,GA,217926.91839220462,169471.79322316346,537.6584968315392,0.49635475532375095,0.13936366100006126,1010,153.98454203987288,64109.565462096514,219.2375158824773,0.0225
400,9,5,400005,P2C,177679.65895249695,140295.35396010653,536.7006514968127,0.5761606461214459,0.001321288999861281,0,153.98454203987288,64109.565462096514,219.2375158824773,0.0175
400,9,5,400005,SA,196043.4782608695,153211.576869924,531.2754443781516,0.5376498175074113,0.15567042399993625,1010,153.98454203987288,64109.565462096514,219.2375158824773,0.0175
400,9,5,400005,Random,330899.39939939947,247932.70052115896,553.908402460524,0.3720963487161215,0.0006676129999050318,0,153.98454203987288,64109.565462096514,219.2375158824773,0.02
400,9,6,400006,ELO,167890.72543617996,116082.91116047738,444.67543953285906,0.5458325705870615,0.20045048199995108,1010,136.22694840834248,53085.984786857174,165.18215572757856,0.0325
400,9,6,400006,LO,211059.3342981187,140889.189977553,438.3117063492704,0.4654697108085907,0.19528406399990672,1010,136.22694840834248,53085.984786857174,165.18215572757856,0.04
400,9,6,400006,GA,221384.22391857507,145919.47886609027,458.7928739201682,0.44556790831337845,0.13889081700017414,1010,136.22694840834248,53085.984786857174,165.18215572757856,0.03
400,9,6,400006,P2C,185361.4931237721,125790.67711368005,455.65941792605145,0.505640858449,0.0013194450000355573,0,136.22694840834248,53085.984786857174,165.18215572757856,0.0275
400,9,6,400006,SA,203917.8181818182,135590.5903928403,438.71982937456477,0.4778197363316179,0.1267869089999749,1010,136.22694840834248,53085.984786857174,165.18215572757856,0.035
400,9,6,400006,Random,571170.923379175,343726.1424047212,478.4659239299721,0.24514390093927352,0.0006751700000222627,0,136.22694840834248,53085.984786857174,165.18215572757856,0.0325
400,9,7,400007,ELO,198231.06546854944,149366.8237494773,425.1408498360433,0.5391001344445246,0.19425688199999058,1010,162.68954977282115,62772.1339445213,161.52813462162953,0.0125
400,9,7,400007,LO,228934.9962207105,173393.40440380608,436.82011174165643,0.479625320900145,0.18720810800004983,1010,162.68954977282115,62772.1339445213,161.52813462162953,0.0075
400,9,7,400007,GA,288524.36647173495,215349.61663871288,453.96909148496394,0.4026010301916555,0.1389141209999707,1010,162.68954977282115,62772.1339445213,161.52813462162953,0.01
400,9,7,400007,P2C,184946.33408919125,141681.675423017,428.27957561494696,0.565385771935815,0.0013446109999222244,0,162.68954977282115,62772.1339445213,161.52813462162953,0.01
400,9,7,400007,SA,199513.20243737305,152233.08105990494,411.79668873033734,0.5387323047201771,0.12575591600011649,1010,162.68954977282115,62772.1339445213,161.52813462162953,0.0125
400,9,7,400007,Random,382068.22612085775,278169.25590891705,458.4213537967578,0.33352111964438913,0.0006501739999293932,0,162.68954977282115,62772.1339445213,161.52813462162953,0.0125
400,9,8,400008,ELO,177159.92518120172,154087.2698888607,557.2491797926447,0.7125233417806462,0.19288771900005486,1010,160.7595594508648,75069.3426740912,417.8170778148903,0.0225
400,9,8,400008,LO,284301.54946364724,233350.9042822049,623.1664492696576,0.5172349819315998,0.1903291099999933,1010,160.7595594508648,75069.3426740912,417.8170778148903,0.0225
400,9,8,400008,GA,314455.0641940085,256390.67470207904,653.3486532761442,0.4792914924378239,0.1415974980000101,1010,160.7595594508648,75069.3426740912,417.8170778148903,0.0275
400,9,8,400008,P2C,198291.54078549848,169823.0859547439,586.2177161897113,0.6530358568771355,0.0013562179999553337,0,160.7595594508648,75069.3426740912,417.8170778148903,0.03
400,9,8,400008,SA,216279.01946647442,183457.41903511164,577.045835462181,0.6233539002828197,0.12677457099994172,1010,160.7595594508648,75069.3426740912,417.8170778148903,0.0275
400,9,8,400008,Random,462759.4696969697,360783.93449898844,662.1715098382358,0.3936080226082691,0.0007348159999764903,0,160.7595594508648,75069.3426740912,417.8170778148903,0.0225
400,9,9,400009,ELO,200898.56169568514,171903.19530946916,591.8632759765821,0.6835210016622066,0.1932672810000895,1010,176.51090720221606,83782.98205903999,408.6903149777124,0.0225
400,9,9,400009,LO,246634.26688632625,207757.33367104025,655.4363213361468,0.5790548823212797,0.20651027099984276,1010,176.51090720221606,83782.98205903999,408.6903149777124,0.0175
400,9,9,400009,GA,313135.9084406296,256597.046770519,672.2172753055906,0.49766361964438854,0.1439894299999196,1010,176.51090720221606,83782.98205903999,408.6903149777124,0.0125
400,9,9,400009,P2C,229503.57653791126,193507.2596839661,637.9351712043641,0.6124256551257649,0.0015494700000999728,0,176.51090720221606,83782.98205903999,408.6903149777124,0.0225
400,9,9,400009,SA,229442.30769230775,192873.49057596124,619.1167434411956,0.6194031778663152,0.13641159300004801,1010,176.51090720221606,83782.98205903999,408.6903149777124,0.01
400,9,9,400009,Random,446005.7471264368,354797.98411936924,705.7529057816548,0.40198686923070703,0.000730003999933615,0,176.51090720221606,83782.98205903999,408.6903149777124,0.0175
400,9,10,400010,ELO,169850.42735042737,105693.92624666239,537.8932776708475,0.524590418404595,0.2278091289999793,1010,144.37559026516527,42677.07811156431,174.081775105375,0.03
400,9,10,400010,LO,213773.5042735042,132765.5464376726,565.7712105019219,0.433700584101402,0.2610153220000484,1010,144.37559026516527,42677.07811156431,174.081775105375,0.0225
400,9,10,400010,GA,265926.62116040965,157217.25887583286,603.4320924253863,0.36665639341296863,0.13931715299986536,1010,144.37559026516527,42677.07811156431,174.081775105375,0.0225
400,9,10,400010,P2C,188361.77474402732,118549.96532477636,553.7427684968459,0.47907898182350445,0.0013430440001229726,0,144.37559026516527,42677.07811156431,174.081775105375,0.0275
400,9,10,400010,SA,192953.36787564767,119683.59197163864,547.344183558489,0.4731134094771633,0.12572557400017104,1010,144.37559026516527,42677.07811156431,174.081775105375,0.0225
400,9,10,400010,Random,391578.4982935153,219268.42635401545,632.077183686507,0.27873307394240643,0.000677406000022529,0,144.37559026516527,42677.07811156431,174.081775105375,0.025
400,9,11,400011,ELO,185115.8038147139,140597.87208877475,583.93697674991,0.5357956851123247,0.19293865400004506,1010,162.91120803159973,49843.57227943133,220.91427885344004,0.03
400,9,11,400011,LO,269751.4677103718,198657.81085774052,686.0734751494948,0.3908630464559364,0.19843882300006044,1010,162.91120803159973,49843.57227943133,220.91427885344004,0.025
400,9,11,400011,GA,300588.66279069765,218835.026433048,690.0641196773615,0.36193727442724044,0.14788323900006617,1010,162.91120803159973,49843.57227943133,220.91427885344004,0.0225
400,9,11,400011,P2C,217094.47674418607,163323.37027526254,631.2380595391888,0.4668897216625417,0.0013657740000780905,0,162.91120803159973,49843.57227943133,220.91427885344004,0.025
400,9,11,400011,SA,236080.8909730364,173381.25838999366,616.8490281231091,0.443648619068469,0.17758370199999263,1010,162.91120803159973,49843.57227943133,220.91427885344004,0.0275
400,9,11,400011,Random,436166.34050880634,305513.39400671073,754.9171406910489,0.2752964435474376,0.0008495829999901616,0,162.91120803159973,49843.57227943133,220.91427885344004,0.035
400,9,12,400012,ELO,173484.51327433626,133427.7671571604,410.09734917537014,0.6439012809962398,0.19467291499995554,1010,149.7698056801196,71915.77884050191,218.41492370986708,0.03
400,9,12,400012,LO,226447.68439108063,174404.2997692504,458.2176554855157,0.5157558444454375,0.23546923300000344,1010,149.7698056801196,71915.77884050191,218.41492370986708,0.0175
400,9,12,400012,GA,239896.05389797885,183963.7149282536,459.33585790319637,0.4958522957292104,0.14108836200011865,1010,149.7698056801196,71915.77884050191,218.41492370986708,0.025
400,9,12,400012,P2C,185167.03539823013,146020.0463451087,448.1394576668399,0.595203989843722,0.0013688890001049003,0,149.7698056801196,71915.77884050191,218.41492370986708,0.02
400,9,12,400012,SA,197361.6557734205,153856.14715546332,442.5297091118779,0.5722220176224082,0.13200310700017326,1010,149.7698056801196,71915.77884050191,218.41492370986708,0.0275
400,9,12,400012,Random,313404.80274442537,233752.85759344965,460.36721167757,0.41886778880905506,0.0009852649998265406,0,149.7698056801196,71915.77884050191,218.41492370986708,0.0175
400,9,13,400013,ELO,167520.8711433757,105434.46901910343,484.18924653274513,0.6498577398666295,0.2085000829999899,1010,153.29511077158136,43284.01948581657,305.6274373585145,0.025
400,9,13,400013,LO,246631.1475409836,152339.52122292435,554.9019671303531,0.48347379634850396,0.19277768999995715,1010,153.29511077158136,43284.01948581657,305.6274373585145,0.0225
400,9,13,400013,GA,324411.47540983604,197458.5141084317,601.9075135699893,0.39802816758656123,0.14167886399991403,1010,153.29511077158136,43284.01948581657,305.6274373585145,0.0225
400,9,13,400013,P2C,209166.17647058825,131673.7660203444,539.200164367472,0.5406673559503349,0.0014747089999218588,0,153.29511077158136,43284.01948581657,305.6274373585145,0.035
400,9,13,400013,SA,243918.03278688528,151961.0259330726,546.7264121048634,0.4887138244443193,0.1270362440000099,1010,153.29511077158136,43284.01948581657,305.6274373585145,0.025
400,9,13,400013,Random,381304.90018148813,229205.0975888632,602.5732527773647,0.36425335105580414,0.0006870869999602292,0,153.29511077158136,43284.01948581657,305.6274373585145,0.025
400,9,14,400014,ELO,183569.4945848375,140324.6470432703,513.0407657757437,0.6630483871249366,0.1928675869999097,1010,165.28595848595847,74871.7904576816,286.8451294066413,0.0225
400,9,14,400014,LO,214853.90199637017,159630.2437006832,499.1350476292935,0.6029841796557782,0.19253469900013442,1010,165.28595848595847,74871.7904576816,286.8451294066413,0.0325
400,9,14,400014,GA,268212.0383036935,196871.66417708778,541.7716708212777,0.5073884497624974,0.1409990040001503,1010,165.28595848595847,74871.7904576816,286.8451294066413,0.0175
400,9,14,400014,P2C,195327.6173285198,149200.24327848866,512.2218715980498,0.634665192867587,0.0014112620001469622,0,165.28595848595847,74871.7904576816,286.8451294066413,0.02
400,9,14,400014,SA,220509.9818511797,165112.4667247108,498.8040728707645,0.5913034108070534,0.12826595199999247,1010,165.28595848595847,74871.7904576816,286.8451294066413,0.025
400,9,14,400014,Random,363950.98039215687,254903.07447961162,577.6704567717893,0.4135974922358874,0.0006953439999506372,0,165.28595848595847,74871.7904576816,286.8451294066413,0.015
400,9,15,400015,ELO,182306.9958847737,140887.38902209594,489.8909937641337,0.6002313273576143,0.19937398699994446,1010,160.68570309439875,61420.09678976569,239.2229400423362,0.0175
400,9,15,400015,LO,214578.48101265825,161167.67552169185,481.60055636853446,0.5406096347876836,0.24555422699995688,1010,160.68570309439875,61420.09678976569,239.2229400423362,0.0175
400,9,15,400015,GA,284781.87919463083,207065.69636379322,501.7745175820977,0.44437965351504183,0.13997910900002353,1010,160.68570309439875,61420.09678976569,239.2229400423362,0.025
400,9,15,400015,P2C,200106.9100391134,152794.62544472673,488.8222458152062,0.5631598208281086,0.001322712000046522,0,160.68570309439875,61420.09678976569,239.2229400423362,0.01
400,9,15,400015,SA,235107.75427995977,175138.72442640993,479.91239167904246,0.5092720852529632,0.12958091200016497,1010,160.68570309439875,61420.09678976569,239.2229400423362,0.015
400,9,15,400015,Random,463823.8255033556,322742.5072130563,506.78776593684427,0.3348009493522871,0.000720974000159913,0,160.68570309439875,61420.09678976569,239.2229400423362,0.025
400,9,16,400016,ELO,179498.96265560164,138989.94818216504,529.8662564953477,0.6742651981414296,0.19232072800014066,1010,159.53671706263498,85189.65105357315,277.09142259450346,0.02
400,9,16,400016,LO,206508.56389986828,158901.78484118983,536.0006609571666,0.6078154095291005,0.20292654700006096,1010,159.53671706263498,85189.65105357315,277.09142259450346,0.0225
400,9,16,400016,GA,218087.1369294606,168091.54519042542,528.9215185288429,0.5865981854641755,0.18317890499997702,1010,159.53671706263498,85189.65105357315,277.09142259450346,0.0225
400,9,16,400016,P2C,171543.25798908807,134764.4002915918,519.2977155505739,0.6979139510209466,0.0014426239999920654,0,159.53671706263498,85189.65105357315,277.09142259450346,0.02
400,9,16,400016,SA,192576.24113475173,149340.0080959907,511.0358121393793,0.6462641911399833,0.12832168599993565,1010,159.53671706263498,85189.65105357315,277.09142259450346,0.0225
400,9,16,400016,Random,246886.69301712787,186586.75237376246,546.7433189504683,0.5357225168597002,0.0006474829999660869,0,159.53671706263498,85189.65105357315,277.09142259450346,0.0275
400,9,17,400017,ELO,176118.29537105074,109294.23758640111,396.59087666990956,0.6100540771826671,0.23831726799994613,1010,148.21874768432752,63412.05221616982,162.3186814793642,0.035
400,9,17,400017,LO,228409.03686087992,135249.50335525515,394.1512540245598,0.5094527926863195,0.20068459799995253,1010,148.21874768432752,63412.05221616982,162.3186814793642,0.0275
400,9,17,400017,GA,251710.90909090912,146178.52287445104,395.19187828836516,0.477352625143258,0.13945923000005678,1010,148.21874768432752,63412.05221616982,162.3186814793642,0.02
400,9,17,400017,P2C,178017.87994891437,110139.49400960807,395.72708591083597,0.6058714700113725,0.001396468999928402,0,148.21874768432752,63412.05221616982,162.3186814793642,0.0375
400,9,17,400017,SA,198064.63326071174,118179.93795059562,377.18459671860285,0.5713982619978274,0.12764401599997655,1010,148.21874768432752,63412.05221616982,162.3186814793642,0.03
400,9,17,400017,Random,366069.0909090909,203749.05881047092,423.91651083287684,0.3657893681079612,0.0006559969999671011,0,148.21874768432752,63412.05221616982,162.3186814793642,0.0275
400,9,18,400018,ELO,167959.91778006163,120492.51426916839,477.82360656835715,0.6287682927769193,0.19038572899989958,1010,145.66158821415738,47817.71426211814,300.66587386305935,0.03
400,9,18,400018,LO,206504.02761795174,147787.87312785807,492.7531187008471,0.5441389391778713,0.19494143799988706,1010,145.66158821415738,47817.71426211814,300.66587386305935,0.035
400,9,18,400018,GA,253909.67741935488,174816.0581153237,511.06660666214765,0.4764559105305711,0.2134965950001515,1010,145.66158821415738,47817.71426211814,300.66587386305935,0.0475
400,9,18,400018,P2C,199098.22646657575,144031.5320420031,493.40773364660333,0.5553991811002688,0.0013378129999637167,0,145.66158821415738,47817.71426211814,300.66587386305935,0.04
400,9,18,400018,SA,186838.1962864721,136674.79683773394,475.5928472902184,0.5848498127094881,0.1345909889998893,1010,145.66158821415738,47817.71426211814,300.66587386305935,0.025
400,9,18,400018,Random,365724.19354838715,239519.32636998608,531.7942064414864,0.3858864113896578,0.0006500089998553449,0,145.66158821415738,47817.71426211814,300.66587386305935,0.0275
400,9,19,400019,ELO,165183.60433604335,130937.06271795544,442.6877462080939,0.5946522630309409,0.2962749819998862,1010,141.05287846481878,55295.90929564245,227.07867456552634,0.04
400,9,19,400019,LO,242480.72383949644,186241.81249606953,482.1901342810162,0.4483183102024231,0.18748314100002972,1010,141.05287846481878,55295.90929564245,227.07867456552634,0.04
400,9,19,400019,GA,257558.98123324398,197349.76456684034,493.7248261878278,0.42776760129186686,0.14094666200003303,1010,141.05287846481878,55295.90929564245,227.07867456552634,0.0325
400,9,19,400019,P2C,184043.36043360434,146122.3732472077,463.3073981786595,0.5433204707253301,0.0014547560001574311,0,141.05287846481878,55295.90929564245,227.07867456552634,0.0325
400,9,19,400019,SA,190782.97161936565,150120.50661573955,438.4098471021132,0.5401446700209783,0.1312855749999926,1010,141.05287846481878,55295.90929564245,227.07867456552634,0.0325
400,9,19,400019,Random,366789.0625,273719.6346047234,540.6348682525097,0.33419821496440966,0.0006947990000298887,0,141.05287846481878,55295.90929564245,227.07867456552634,0.0325
400,9,20,400020,ELO,189980.8773903262,152118.64751441506,553.7945856971909,0.6297919684061632,0.21047055000008186,1010,170.97161013452174,72433.66073160154,286.8238049970788,0.0225
400,9,20,400020,LO,242967.78916544656,188934.13242214738,590.3037641286289,0.5229081366734,0.18996643500008759,1010,170.97161013452174,72433.66073160154,286.8238049970788,0.0125
400,9,20,400020,GA,319976.78916827857,241411.6170539196,628.0958792864714,0.4290381017319197,0.1356181319999905,1010,170.97161013452174,72433.66073160154,286.8238049970788,0.01
400,9,20,400020,P2C,227576.95769576958,179521.77052313052,574.4483802763561,0.5498725138442015,0.001341251999974702,0,170.97161013452174,72433.66073160154,286.8238049970788,0.005
400,9,20,400020,SA,247965.9685863874,193097.54089245,583.7464412189179,0.5172181465430836,0.12645373500004098,1010,170.97161013452174,72433.66073160154,286.8238049970788,0.0075
400,9,20,400020,Random,394208.8974854933,292852.94734297827,632.2306987418639,0.376929551875533,0.000717073000032542,0,170.97161013452174,72433.66073160154,286.8238049970788,0.0075
400,9,21,400021,ELO,147659.66690803765,99770.7005900553,524.6663159901448,0.739418527420959,0.19492016699996384,1010,141.75806451612902,57323.36986504567,361.3209139847145,0.0175
400,9,21,400021,LO,174633.44947735197,115304.84591653313,516.7569542466903,0.6676448564024127,0.21353171499981727,1010,141.75806451612902,57323.36986504567,361.3209139847145,0.015
400,9,21,400021,GA,216196.82539682538,140130.30839105186,510.563678548375,0.5889998607174342,0.14327068800002962,1010,141.75806451612902,57323.36986504567,361.3209139847145,0.0375
400,9,21,400021,P2C,158323.31511839712,106104.54798721138,519.4048863457383,0.7087211218534986,0.0013429460000224935,0,141.75806451612902,57323.36986504567,361.3209139847145,0.0125
400,9,21,400021,SA,176009.10746812384,116564.62678550453,511.0721780136,0.6662909409645373,0.156318039000098,1010,141.75806451612902,57323.36986504567,361.3209139847145,0.0175
400,9,21,400021,Random,252611.11111111112,161823.77944146591,510.9380883021449,0.538992427603017,0.0007283980000920565,0,141.75806451612902,57323.36986504567,361.3209139847145,0.015
400,9,22,400022,ELO,186951.69082125602,148505.42035917175,543.9046853869522,0.5300516174726806,0.23601055700009965,1010,167.25799609739545,60779.075295715294,157.66936018699118,0.03
400,9,22,400022,LO,231222.39747634067,180206.99744155188,566.4860951866852,0.4452317052000901,0.2046292270001686,1010,167.25799609739545,60779.075295715294,157.66936018699118,0.025
400,9,22,400022,GA,286698.7295825771,221236.29315365624,586.3406480642873,0.3746643765128339,0.15783453500012,1010,167.25799609739545,60779.075295715294,157.66936018699118,0.02
400,9,22,400022,P2C,189225.55205047317,151114.95555524342,539.3536981958031,0.5249080669739028,0.0013286669998251455,0,167.25799609739545,60779.075295715294,157.66936018699118,0.03
400,9,22,400022,SA,235713.29639889198,182654.7186514563,528.2976129239058,0.4457863496037737,0.13330772600011187,1010,167.25799609739545,60779.075295715294,157.66936018699118,0.0175
400,9,22,400022,Random,410805.80762250454,304755.9363898361,639.0445523399048,0.2835860222141168,0.0006903290000082052,0,167.25799609739545,60779.075295715294,157.66936018699118,0.0225
400,9,23,400023,ELO,161514.03678606005,115775.40266773538,463.38318858811954,0.6167651296181371,0.19842469700006404,1010,137.39127547971583,43596.850489338955,292.10015316750975,0.0275
400,9,23,400023,LO,203666.02129719267,143855.2110855262,495.98867635123514,0.5200009248551574,0.18929819499999212,1010,137.39127547971583,43596.850489338955,292.10015316750975,0.0325
400,9,23,400023,GA,203112.82410651716,145683.99485192494,514.1061109141455,0.5124649066550128,0.14078269000015098,1010,137.39127547971583,43596.850489338955,292.10015316750975,0.025
400,9,23,400023,P2C,178669.23615977576,129548.46915029967,494.448372496529,0.5631307237592301,0.0013527379999231925,0,137.39127547971583,43596.850489338955,292.10015316750975,0.0225
400,9,23,400023,SA,182648.031496063,130608.49554789477,481.34804760634034,0.5619799481670968,0.1310725639998509,1010,137.39127547971583,43596.850489338955,292.10015316750975,0.03
400,9,23,400023,Random,247910.98748261473,172035.11578299524,523.5330584224839,0.4531671816013769,0.0006603270001050987,0,137.39127547971583,43596.850489338955,292.10015316750975,0.0325
400,9,24,400024,ELO,159797.91200596569,119388.16802083202,464.26649080406,0.6813545320698684,0.24696548900010384,1010,145.206668076408,62677.77339451928,285.58005623741377,0.02
400,9,24,400024,LO,200160.27397260274,149075.58016451972,487.73280254915153,0.5755732082581654,0.20806243099991661,1010,145.206668076408,62677.77339451928,285.58005623741377,0.02
400,9,24,400024,GA,239802.73972602736,176802.0113230487,492.54997010878645,0.5116899364118348,0.1455739010000343,1010,145.206668076408,62677.77339451928,285.58005623741377,0.0225
400,9,24,400024,P2C,181822.25541448846,136111.5348717714,474.808021174644,0.6185934367201762,0.0014376019998962875,0,145.206668076408,62677.77339451928,285.58005623741377,0.015
400,9,24,400024,SA,195304.26716141004,144730.4347168663,465.7168835307053,0.5949515798853144,0.13195009200012464,1010,145.206668076408,62677.77339451928,285.58005623741377,0.0225
400,9,24,400024,Random,495161.4100185528,344911.70061870647,505.38980625644524,0.3450308360951086,0.0009036700000706333,0,145.206668076408,62677.77339451928,285.58005623741377,0.0225
400,9,25,400025,ELO,159236.80148193883,117743.63843850726,515.0144324366811,0.6613912016422816,0.20371849100001782,1010,154.5406305678209,67658.23595622345,227.4671440368619,0.03
400,9,25,400025,LO,187424.406779661,132734.35996187094,506.0331427032313,0.5937466814988943,0.18942468700015525,1010,154.5406305678209,67658.23595622345,227.4671440368619,0.0275
400,9,25,400025,GA,226520.66115702482,152849.87245099113,496.2260415478622,0.5269073960780624,0.14399040199987212,1010,154.5406305678209,67658.23595622345,227.4671440368619,0.03
400,9,25,400025,P2C,176926.18806875634,127042.02559631501,511.5349385591577,0.6160621423127769,0.001367319999872052,0,154.5406305678209,67658.23595622345,227.4671440368619,0.0275
400,9,25,400025,SA,180403.7162162162,128695.426337382,505.6992974913874,0.6098728599395185,0.12557026300009966,1010,154.5406305678209,67658.23595622345,227.4671440368619,0.025
400,9,25,400025,Random,276788.675429727,180695.95874107408,512.5003749209365,0.45802355048977295,0.0006694700000480225,0,154.5406305678209,67658.23595622345,227.4671440368619,0.03
400,9,26,400026,ELO,201677.03568161017,160814.38626509393,532.9808025038399,0.5981675478294903,0.20630486300001394,1010,166.66352646936224,89555.88098925813,219.84153972185206,0.025
400,9,26,400026,LO,270985.0,211401.94022500602,533.6481163197473,0.4829398346714109,0.2033593829999063,1010,166.66352646936224,89555.88098925813,219.84153972185206,0.015
400,9,26,400026,GA,343464.15094339626,264571.08587332955,556.6751772827199,0.4055415353506887,0.14606858199999806,1010,166.66352646936224,89555.88098925813,219.84153972185206,0.03
400,9,26,400026,P2C,215633.0,170920.50634123583,525.1534279521424,0.5713510742915746,0.0013267069998619263,0,166.66352646936224,89555.88098925813,219.84153972185206,0.035
400,9,26,400026,SA,225844.86232370717,177659.4478149779,515.5372349986092,0.5556376529552176,0.14056847500000913,1010,166.66352646936224,89555.88098925813,219.84153972185206,0.025
400,9,26,400026,Random,357590.9090909092,273478.48775139125,547.3006811295215,0.3976992823395774,0.0007956169999943086,0,166.66352646936224,89555.88098925813,219.84153972185206,0.0275
400,9,27,400027,ELO,162736.2288135593,133641.5187708219,444.3971101719973,0.7491866756775969,0.22658975900003497,1010,150.00231946806866,94489.09637126881,275.5493870650252,0.015
400,9,27,400027,LO,186277.5423728814,152495.024238977,447.30514137602086,0.6796946632314059,0.19928141100012908,1010,150.00231946806866,94489.09637126881,275.5493870650252,0.0125
400,9,27,400027,GA,225030.72033898308,179384.73785127836,434.54446056166597,0.6083215322504144,0.14319554899998366,1010,150.00231946806866,94489.09637126881,275.5493870650252,0.015
400,9,27,400027,P2C,175988.34745762707,144259.29115579335,448.16481934845183,0.7068682297505163,0.0013474029999542836,0,150.00231946806866,94489.09637126881,275.5493870650252,0.015
400,9,27,400027,SA,178095.23809523808,144970.6304891401,435.30582184725705,0.7084416077711326,0.12962713100000656,1010,150.00231946806866,94489.09637126881,275.5493870650252,0.02
400,9,27,400027,Random,386751.07296137343,298039.2097479743,481.5822261369607,0.42460125274414007,0.0006820099999913509,0,150.00231946806866,94489.09637126881,275.5493870650252,0.0225
400,9,28,400028,ELO,187482.75862068965,132994.15877976312,519.3443830409507,0.5807835730966617,0.19895570900007442,1010,161.12332248074327,69311.8520534048,188.828064783613,0.025
400,9,28,400028,LO,245338.5214007782,164559.45564158534,545.2981885111416,0.47420431496116844,0.19918966199998067,1010,161.12332248074327,69311.8520534048,188.828064783613,0.025
400,9,28,400028,GA,357761.02941176464,230004.97723642798,624.4104033115666,0.3508748471083789,0.1442003699999077,1010,161.12332248074327,69311.8520534048,188.828064783613,0.02
400,9,28,400028,P2C,195117.12931618153,136592.67399383066,529.2928279686041,0.5627636011738719,0.0013462029999118386,0,161.12332248074327,69311.8520534048,188.828064783613,0.0225
400,9,28,400028,SA,254645.91439688712,169425.64462809608,543.4825219449629,0.46255161448233995,0.12900153900000078,1010,161.12332248074327,69311.8520534048,188.828064783613,0.03
400,9,28,400028,Random,509200.38910505845,318375.5075592878,641.652824413884,0.2755532612324615,0.0006699590001062461,0,161.12332248074327,69311.8520534048,188.828064783613,0.0225
400,9,29,400029,ELO,182357.43801652896,130553.95551250089,553.5776770390491,0.6039856694405648,0.20153775700009646,1010,156.75845151399002,68774.3147360984,236.8681124894084,0.0225
400,9,29,400029,LO,209985.16949152545,147915.37218688516,531.8306503347949,0.5514138041027948,0.20090290999996796,1010,156.75845151399002,68774.3147360984,236.8681124894084,0.0275
400,9,29,400029,GA,263352.6200873362,180909.6448878417,561.5925749632358,0.4648707554509054,0.14487771700009944,1010,156.75845151399002,68774.3147360984,236.8681124894084,0.025
400,9,29,400029,P2C,179916.29563668754,129617.5668490697,546.6389511149496,0.6109208981192802,0.001338374999932057,0,156.75845151399002,68774.3147360984,236.8681124894084,0.025
400,9,29,400029,SA,192447.01691896713,136866.55967880582,521.2006623354237,0.589623811338533,0.13433019200010676,1010,156.75845151399002,68774.3147360984,236.8681124894084,0.0275
400,9,29,400029,Random,371352.14007782104,242458.41707237717,591.5647645284569,0.36788001430009654,0.0008584849999806465,0,156.75845151399002,68774.3147360984,236.8681124894084,0.03
